#VRML V1.0 ascii

Separator {
    Group {
	Separator {
	    Transform {
		translation	-28.4495 -5.03782 1
		rotation	0 0 1  0
		scaleFactor	0.0100107 0.0100107 0.0200214
		scaleOrientation	0 0 1  0
		center	28.392 5.026 -1
	    }
	    Separator {
		Group {
		    Info {
			string	"solid"
		    }
		    Material {
			ambientColor	0 0.0512388 0.211311
			diffuseColor	0 0.204955 0.845242
			specularColor	0.03017 0.0460332 0.0955906
			emissiveColor	0 0 0
			shininess	0.078125
			transparency	0
		    }
		}
		Separator {
		    Coordinate3 {
			point	[ 7.77 5.46 0,
					  7.77 5.46 -1.29332,
					  6.93 6.692 0,
					  6.93 6.692 -1.29332,
					  6.93 6.692 0,
					  7.77 5.46 -1.29332,
					  6.93 6.692 0,
					  6.93 6.692 -1.29332,
					  4.284 7.644 0,
					  4.284 7.644 -1.29332,
					  4.284 7.644 0,
					  6.93 6.692 -1.29332,
					  4.284 7.644 0,
					  4.284 7.644 -1.29332,
					  1.624 6.692 0,
					  1.624 6.692 -1.29332,
					  1.624 6.692 0,
					  4.284 7.644 -1.29332,
					  1.624 6.692 0,
					  1.624 6.692 -1.29332,
					  0.784 5.46 0,
					  0.784 5.46 -1.29332,
					  0.784 5.46 0,
					  1.624 6.692 -1.29332,
					  0.784 5.46 0,
					  0.784 5.46 -1.29332,
					  0.476 3.724 0,
					  0.476 3.724 -1.29332,
					  0.476 3.724 0,
					  0.784 5.46 -1.29332,
					  0.476 3.724 0,
					  0.476 3.724 -1.29332,
					  0.784 1.974 0,
					  0.784 1.974 -1.29332,
					  0.784 1.974 0,
					  0.476 3.724 -1.29332,
					  0.784 1.974 0,
					  0.784 1.974 -1.29332,
					  1.624 0.756 0,
					  1.624 0.756 -1.29332,
					  1.624 0.756 0,
					  0.784 1.974 -1.29332,
					  1.624 0.756 0,
					  1.624 0.756 -1.29332,
					  4.284 -0.196 0,
					  4.284 -0.196 -1.29332,
					  4.284 -0.196 0,
					  1.624 0.756 -1.29332,
					  4.284 -0.196 0,
					  4.284 -0.196 -1.29332,
					  6.93 0.756 0,
					  6.93 0.756 -1.29332,
					  6.93 0.756 0,
					  4.284 -0.196 -1.29332,
					  6.93 0.756 0,
					  6.93 0.756 -1.29332,
					  7.77 1.974 0,
					  7.77 1.974 -1.29332,
					  7.77 1.974 0,
					  6.93 0.756 -1.29332,
					  7.77 1.974 0,
					  7.77 1.974 -1.29332,
					  8.092 3.724 0,
					  8.092 3.724 -1.29332,
					  8.092 3.724 0,
					  7.77 1.974 -1.29332,
					  8.092 3.724 0,
					  8.092 3.724 -1.29332,
					  7.77 5.46 0,
					  7.77 5.46 -1.29332,
					  7.77 5.46 0,
					  8.092 3.724 -1.29332,
					  5.74 2.226 0,
					  5.74 2.226 -1.29332,
					  4.284 1.456 0,
					  4.284 1.456 -1.29332,
					  4.284 1.456 0,
					  5.74 2.226 -1.29332,
					  4.284 1.456 0,
					  4.284 1.456 -1.29332,
					  2.814 2.226 0,
					  2.814 2.226 -1.29332,
					  2.814 2.226 0,
					  4.284 1.456 -1.29332,
					  2.814 2.226 0,
					  2.814 2.226 -1.29332,
					  2.492 3.724 0,
					  2.492 3.724 -1.29332,
					  2.492 3.724 0,
					  2.814 2.226 -1.29332,
					  2.492 3.724 0,
					  2.492 3.724 -1.29332,
					  2.814 5.208 0,
					  2.814 5.208 -1.29332,
					  2.814 5.208 0,
					  2.492 3.724 -1.29332,
					  2.814 5.208 0,
					  2.814 5.208 -1.29332,
					  4.284 5.992 0,
					  4.284 5.992 -1.29332,
					  4.284 5.992 0,
					  2.814 5.208 -1.29332,
					  4.284 5.992 0,
					  4.284 5.992 -1.29332,
					  5.74 5.208 0,
					  5.74 5.208 -1.29332,
					  5.74 5.208 0,
					  4.284 5.992 -1.29332,
					  5.74 5.208 0,
					  5.74 5.208 -1.29332,
					  6.076 3.724 0,
					  6.076 3.724 -1.29332,
					  6.076 3.724 0,
					  5.74 5.208 -1.29332,
					  6.076 3.724 0,
					  6.076 3.724 -1.29332,
					  5.74 2.226 0,
					  5.74 2.226 -1.29332,
					  5.74 2.226 0,
					  6.076 3.724 -1.29332,
					  15.204 6.44 0,
					  15.204 6.44 -1.29332,
					  14.406 7.196 0,
					  14.406 7.196 -1.29332,
					  14.406 7.196 0,
					  15.204 6.44 -1.29332,
					  14.406 7.196 0,
					  14.406 7.196 -1.29332,
					  12.25 7.644 0,
					  12.25 7.644 -1.29332,
					  12.25 7.644 0,
					  14.406 7.196 -1.29332,
					  12.25 7.644 0,
					  12.25 7.644 -1.29332,
					  10.794 7.406 0,
					  10.794 7.406 -1.29332,
					  10.794 7.406 0,
					  12.25 7.644 -1.29332,
					  10.794 7.406 0,
					  10.794 7.406 -1.29332,
					  9.87 6.804 0,
					  9.87 6.804 -1.29332,
					  9.87 6.804 0,
					  10.794 7.406 -1.29332,
					  9.87 6.804 0,
					  9.87 6.804 -1.29332,
					  9.24 5.152 0,
					  9.24 5.152 -1.29332,
					  9.24 5.152 0,
					  9.87 6.804 -1.29332,
					  9.24 5.152 0,
					  9.24 5.152 -1.29332,
					  9.954 3.668 0,
					  9.954 3.668 -1.29332,
					  9.954 3.668 0,
					  9.24 5.152 -1.29332,
					  9.954 3.668 0,
					  9.954 3.668 -1.29332,
					  11.55 3.024 0,
					  11.55 3.024 -1.29332,
					  11.55 3.024 0,
					  9.954 3.668 -1.29332,
					  11.55 3.024 0,
					  11.55 3.024 -1.29332,
					  13.132 2.674 0,
					  13.132 2.674 -1.29332,
					  13.132 2.674 0,
					  11.55 3.024 -1.29332,
					  13.132 2.674 0,
					  13.132 2.674 -1.29332,
					  13.86 2.058 0,
					  13.86 2.058 -1.29332,
					  13.86 2.058 0,
					  13.132 2.674 -1.29332,
					  13.86 2.058 0,
					  13.86 2.058 -1.29332,
					  13.608 1.568 0,
					  13.608 1.568 -1.29332,
					  13.608 1.568 0,
					  13.86 2.058 -1.29332,
					  13.608 1.568 0,
					  13.608 1.568 -1.29332,
					  12.614 1.288 0,
					  12.614 1.288 -1.29332,
					  12.614 1.288 0,
					  13.608 1.568 -1.29332,
					  12.614 1.288 0,
					  12.614 1.288 -1.29332,
					  11.34 1.596 0,
					  11.34 1.596 -1.29332,
					  11.34 1.596 0,
					  12.614 1.288 -1.29332,
					  11.34 1.596 0,
					  11.34 1.596 -1.29332,
					  10.99 2.38 0,
					  10.99 2.38 -1.29332,
					  10.99 2.38 0,
					  11.34 1.596 -1.29332,
					  10.99 2.38 0,
					  10.99 2.38 -1.29332,
					  8.974 2.38 0,
					  8.974 2.38 -1.29332,
					  8.974 2.38 0,
					  10.99 2.38 -1.29332,
					  8.974 2.38 0,
					  8.974 2.38 -1.29332,
					  9.31 1.134 0,
					  9.31 1.134 -1.29332,
					  9.31 1.134 0,
					  8.974 2.38 -1.29332,
					  9.31 1.134 0,
					  9.31 1.134 -1.29332,
					  10.15 0.336 0,
					  10.15 0.336 -1.29332,
					  10.15 0.336 0,
					  9.31 1.134 -1.29332,
					  10.15 0.336 0,
					  10.15 0.336 -1.29332,
					  12.558 -0.196 0,
					  12.558 -0.196 -1.29332,
					  12.558 -0.196 0,
					  10.15 0.336 -1.29332,
					  12.558 -0.196 0,
					  12.558 -0.196 -1.29332,
					  14.616 0.266 0,
					  14.616 0.266 -1.29332,
					  14.616 0.266 0,
					  12.558 -0.196 -1.29332,
					  14.616 0.266 0,
					  14.616 0.266 -1.29332,
					  15.47 1.05 0,
					  15.47 1.05 -1.29332,
					  15.47 1.05 0,
					  14.616 0.266 -1.29332,
					  15.47 1.05 0,
					  15.47 1.05 -1.29332,
					  15.82 2.366 0,
					  15.82 2.366 -1.29332,
					  15.82 2.366 0,
					  15.47 1.05 -1.29332,
					  15.82 2.366 0,
					  15.82 2.366 -1.29332,
					  15.078 3.836 0,
					  15.078 3.836 -1.29332,
					  15.078 3.836 0,
					  15.82 2.366 -1.29332,
					  15.078 3.836 0,
					  15.078 3.836 -1.29332,
					  13.482 4.48 0,
					  13.482 4.48 -1.29332,
					  13.482 4.48 0,
					  15.078 3.836 -1.29332,
					  13.482 4.48 0,
					  13.482 4.48 -1.29332,
					  11.886 4.83 0,
					  11.886 4.83 -1.29332,
					  11.886 4.83 0,
					  13.482 4.48 -1.29332,
					  11.886 4.83 0,
					  11.886 4.83 -1.29332,
					  11.158 5.432 0,
					  11.158 5.432 -1.29332,
					  11.158 5.432 0,
					  11.886 4.83 -1.29332,
					  11.158 5.432 0,
					  11.158 5.432 -1.29332,
					  11.354 5.908 0,
					  11.354 5.908 -1.29332,
					  11.354 5.908 0,
					  11.158 5.432 -1.29332,
					  11.354 5.908 0,
					  11.354 5.908 -1.29332,
					  12.362 6.16 0,
					  12.362 6.16 -1.29332,
					  12.362 6.16 0,
					  11.354 5.908 -1.29332,
					  12.362 6.16 0,
					  12.362 6.16 -1.29332,
					  13.384 5.838 0,
					  13.384 5.838 -1.29332,
					  13.384 5.838 0,
					  12.362 6.16 -1.29332,
					  13.384 5.838 0,
					  13.384 5.838 -1.29332,
					  13.678 5.18 0,
					  13.678 5.18 -1.29332,
					  13.678 5.18 0,
					  13.384 5.838 -1.29332,
					  13.678 5.18 0,
					  13.678 5.18 -1.29332,
					  15.596 5.18 0,
					  15.596 5.18 -1.29332,
					  15.596 5.18 0,
					  13.678 5.18 -1.29332,
					  15.596 5.18 0,
					  15.596 5.18 -1.29332,
					  15.204 6.44 0,
					  15.204 6.44 -1.29332,
					  15.204 6.44 0,
					  15.596 5.18 -1.29332,
					  17.304 10.052 0,
					  17.304 10.052 -1.29332,
					  17.304 0 0,
					  17.304 0 -1.29332,
					  17.304 0 0,
					  17.304 10.052 -1.29332,
					  17.304 0 0,
					  17.304 0 -1.29332,
					  19.264 0 0,
					  19.264 0 -1.29332,
					  19.264 0 0,
					  17.304 0 -1.29332,
					  19.264 0 0,
					  19.264 0 -1.29332,
					  19.264 10.052 0,
					  19.264 10.052 -1.29332,
					  19.264 10.052 0,
					  19.264 0 -1.29332,
					  19.264 10.052 0,
					  19.264 10.052 -1.29332,
					  17.304 10.052 0,
					  17.304 10.052 -1.29332,
					  17.304 10.052 0,
					  19.264 10.052 -1.29332,
					  28 5.46 0,
					  28 5.46 -1.29332,
					  27.16 6.692 0,
					  27.16 6.692 -1.29332,
					  27.16 6.692 0,
					  28 5.46 -1.29332,
					  27.16 6.692 0,
					  27.16 6.692 -1.29332,
					  24.514 7.644 0,
					  24.514 7.644 -1.29332,
					  24.514 7.644 0,
					  27.16 6.692 -1.29332,
					  24.514 7.644 0,
					  24.514 7.644 -1.29332,
					  21.854 6.692 0,
					  21.854 6.692 -1.29332,
					  21.854 6.692 0,
					  24.514 7.644 -1.29332,
					  21.854 6.692 0,
					  21.854 6.692 -1.29332,
					  21.014 5.46 0,
					  21.014 5.46 -1.29332,
					  21.014 5.46 0,
					  21.854 6.692 -1.29332,
					  21.014 5.46 0,
					  21.014 5.46 -1.29332,
					  20.706 3.724 0,
					  20.706 3.724 -1.29332,
					  20.706 3.724 0,
					  21.014 5.46 -1.29332,
					  20.706 3.724 0,
					  20.706 3.724 -1.29332,
					  21.014 1.974 0,
					  21.014 1.974 -1.29332,
					  21.014 1.974 0,
					  20.706 3.724 -1.29332,
					  21.014 1.974 0,
					  21.014 1.974 -1.29332,
					  21.854 0.756 0,
					  21.854 0.756 -1.29332,
					  21.854 0.756 0,
					  21.014 1.974 -1.29332,
					  21.854 0.756 0,
					  21.854 0.756 -1.29332,
					  24.514 -0.196 0,
					  24.514 -0.196 -1.29332,
					  24.514 -0.196 0,
					  21.854 0.756 -1.29332,
					  24.514 -0.196 0,
					  24.514 -0.196 -1.29332,
					  27.16 0.756 0,
					  27.16 0.756 -1.29332,
					  27.16 0.756 0,
					  24.514 -0.196 -1.29332,
					  27.16 0.756 0,
					  27.16 0.756 -1.29332,
					  28 1.974 0,
					  28 1.974 -1.29332,
					  28 1.974 0,
					  27.16 0.756 -1.29332,
					  28 1.974 0,
					  28 1.974 -1.29332,
					  28.322 3.724 0,
					  28.322 3.724 -1.29332,
					  28.322 3.724 0,
					  28 1.974 -1.29332,
					  28.322 3.724 0,
					  28.322 3.724 -1.29332,
					  28 5.46 0,
					  28 5.46 -1.29332,
					  28 5.46 0,
					  28.322 3.724 -1.29332,
					  25.97 2.226 0,
					  25.97 2.226 -1.29332,
					  24.514 1.456 0,
					  24.514 1.456 -1.29332,
					  24.514 1.456 0,
					  25.97 2.226 -1.29332,
					  24.514 1.456 0,
					  24.514 1.456 -1.29332,
					  23.044 2.226 0,
					  23.044 2.226 -1.29332,
					  23.044 2.226 0,
					  24.514 1.456 -1.29332,
					  23.044 2.226 0,
					  23.044 2.226 -1.29332,
					  22.722 3.724 0,
					  22.722 3.724 -1.29332,
					  22.722 3.724 0,
					  23.044 2.226 -1.29332,
					  22.722 3.724 0,
					  22.722 3.724 -1.29332,
					  23.044 5.208 0,
					  23.044 5.208 -1.29332,
					  23.044 5.208 0,
					  22.722 3.724 -1.29332,
					  23.044 5.208 0,
					  23.044 5.208 -1.29332,
					  24.514 5.992 0,
					  24.514 5.992 -1.29332,
					  24.514 5.992 0,
					  23.044 5.208 -1.29332,
					  24.514 5.992 0,
					  24.514 5.992 -1.29332,
					  25.97 5.208 0,
					  25.97 5.208 -1.29332,
					  25.97 5.208 0,
					  24.514 5.992 -1.29332,
					  25.97 5.208 0,
					  25.97 5.208 -1.29332,
					  26.306 3.724 0,
					  26.306 3.724 -1.29332,
					  26.306 3.724 0,
					  25.97 5.208 -1.29332,
					  26.306 3.724 0,
					  26.306 3.724 -1.29332,
					  25.97 2.226 0,
					  25.97 2.226 -1.29332,
					  25.97 2.226 0,
					  26.306 3.724 -1.29332,
					  35.672 7 0,
					  35.672 7 -1.29332,
					  33.838 7.644 0,
					  33.838 7.644 -1.29332,
					  33.838 7.644 0,
					  35.672 7 -1.29332,
					  33.838 7.644 0,
					  33.838 7.644 -1.29332,
					  32.284 7.168 0,
					  32.284 7.168 -1.29332,
					  32.284 7.168 0,
					  33.838 7.644 -1.29332,
					  32.284 7.168 0,
					  32.284 7.168 -1.29332,
					  31.598 6.356 0,
					  31.598 6.356 -1.29332,
					  31.598 6.356 0,
					  32.284 7.168 -1.29332,
					  31.598 6.356 0,
					  31.598 6.356 -1.29332,
					  31.57 6.356 0,
					  31.57 6.356 -1.29332,
					  31.57 6.356 0,
					  31.598 6.356 -1.29332,
					  31.57 6.356 0,
					  31.57 6.356 -1.29332,
					  31.57 7.448 0,
					  31.57 7.448 -1.29332,
					  31.57 7.448 0,
					  31.57 6.356 -1.29332,
					  31.57 7.448 0,
					  31.57 7.448 -1.29332,
					  29.694 7.448 0,
					  29.694 7.448 -1.29332,
					  29.694 7.448 0,
					  31.57 7.448 -1.29332,
					  29.694 7.448 0,
					  29.694 7.448 -1.29332,
					  29.694 0 0,
					  29.694 0 -1.29332,
					  29.694 0 0,
					  29.694 7.448 -1.29332,
					  29.694 0 0,
					  29.694 0 -1.29332,
					  31.654 0 0,
					  31.654 0 -1.29332,
					  31.654 0 0,
					  29.694 0 -1.29332,
					  31.654 0 0,
					  31.654 0 -1.29332,
					  31.654 4.27 0,
					  31.654 4.27 -1.29332,
					  31.654 4.27 0,
					  31.654 0 -1.29332,
					  31.654 4.27 0,
					  31.654 4.27 -1.29332,
					  32.088 5.544 0,
					  32.088 5.544 -1.29332,
					  32.088 5.544 0,
					  31.654 4.27 -1.29332,
					  32.088 5.544 0,
					  32.088 5.544 -1.29332,
					  33.194 5.992 0,
					  33.194 5.992 -1.29332,
					  33.194 5.992 0,
					  32.088 5.544 -1.29332,
					  33.194 5.992 0,
					  33.194 5.992 -1.29332,
					  34.286 5.46 0,
					  34.286 5.46 -1.29332,
					  34.286 5.46 0,
					  33.194 5.992 -1.29332,
					  34.286 5.46 0,
					  34.286 5.46 -1.29332,
					  34.468 4.522 0,
					  34.468 4.522 -1.29332,
					  34.468 4.522 0,
					  34.286 5.46 -1.29332,
					  34.468 4.522 0,
					  34.468 4.522 -1.29332,
					  34.468 0 0,
					  34.468 0 -1.29332,
					  34.468 0 0,
					  34.468 4.522 -1.29332,
					  34.468 0 0,
					  34.468 0 -1.29332,
					  36.428 0 0,
					  36.428 0 -1.29332,
					  36.428 0 0,
					  34.468 0 -1.29332,
					  36.428 0 0,
					  36.428 0 -1.29332,
					  36.428 5.152 0,
					  36.428 5.152 -1.29332,
					  36.428 5.152 0,
					  36.428 0 -1.29332,
					  36.428 5.152 0,
					  36.428 5.152 -1.29332,
					  35.672 7 0,
					  35.672 7 -1.29332,
					  35.672 7 0,
					  36.428 5.152 -1.29332,
					  41.37 1.372 0,
					  41.37 1.372 -1.29332,
					  39.914 2.072 0,
					  39.914 2.072 -1.29332,
					  39.914 2.072 0,
					  41.37 1.372 -1.29332,
					  39.914 2.072 0,
					  39.914 2.072 -1.29332,
					  39.62 3.192 0,
					  39.62 3.192 -1.29332,
					  39.62 3.192 0,
					  39.914 2.072 -1.29332,
					  39.62 3.192 0,
					  39.62 3.192 -1.29332,
					  44.73 3.192 0,
					  44.73 3.192 -1.29332,
					  44.73 3.192 0,
					  39.62 3.192 -1.29332,
					  44.73 3.192 0,
					  44.73 3.192 -1.29332,
					  44.73 3.542 0,
					  44.73 3.542 -1.29332,
					  44.73 3.542 0,
					  44.73 3.192 -1.29332,
					  44.73 3.542 0,
					  44.73 3.542 -1.29332,
					  44.38 5.614 0,
					  44.38 5.614 -1.29332,
					  44.38 5.614 0,
					  44.73 3.542 -1.29332,
					  44.38 5.614 0,
					  44.38 5.614 -1.29332,
					  43.526 6.86 0,
					  43.526 6.86 -1.29332,
					  43.526 6.86 0,
					  44.38 5.614 -1.29332,
					  43.526 6.86 0,
					  43.526 6.86 -1.29332,
					  41.23 7.644 0,
					  41.23 7.644 -1.29332,
					  41.23 7.644 0,
					  43.526 6.86 -1.29332,
					  41.23 7.644 0,
					  41.23 7.644 -1.29332,
					  39.284 7.168 0,
					  39.284 7.168 -1.29332,
					  39.284 7.168 0,
					  41.23 7.644 -1.29332,
					  39.284 7.168 0,
					  39.284 7.168 -1.29332,
					  38.22 6.09 0,
					  38.22 6.09 -1.29332,
					  38.22 6.09 0,
					  39.284 7.168 -1.29332,
					  38.22 6.09 0,
					  38.22 6.09 -1.29332,
					  37.66 3.878 0,
					  37.66 3.878 -1.29332,
					  37.66 3.878 0,
					  38.22 6.09 -1.29332,
					  37.66 3.878 0,
					  37.66 3.878 -1.29332,
					  37.94 1.946 0,
					  37.94 1.946 -1.29332,
					  37.94 1.946 0,
					  37.66 3.878 -1.29332,
					  37.94 1.946 0,
					  37.94 1.946 -1.29332,
					  38.724 0.686 0,
					  38.724 0.686 -1.29332,
					  38.724 0.686 0,
					  37.94 1.946 -1.29332,
					  38.724 0.686 0,
					  38.724 0.686 -1.29332,
					  41.37 -0.196 0,
					  41.37 -0.196 -1.29332,
					  41.37 -0.196 0,
					  38.724 0.686 -1.29332,
					  41.37 -0.196 0,
					  41.37 -0.196 -1.29332,
					  43.288 0.322 0,
					  43.288 0.322 -1.29332,
					  43.288 0.322 0,
					  41.37 -0.196 -1.29332,
					  43.288 0.322 0,
					  43.288 0.322 -1.29332,
					  44.646 2.184 0,
					  44.646 2.184 -1.29332,
					  44.646 2.184 0,
					  43.288 0.322 -1.29332,
					  44.646 2.184 0,
					  44.646 2.184 -1.29332,
					  42.63 2.184 0,
					  42.63 2.184 -1.29332,
					  42.63 2.184 0,
					  44.646 2.184 -1.29332,
					  42.63 2.184 0,
					  42.63 2.184 -1.29332,
					  41.37 1.372 0,
					  41.37 1.372 -1.29332,
					  41.37 1.372 0,
					  42.63 2.184 -1.29332,
					  40.124 5.614 0,
					  40.124 5.614 -1.29332,
					  41.202 6.034 0,
					  41.202 6.034 -1.29332,
					  41.202 6.034 0,
					  40.124 5.614 -1.29332,
					  41.202 6.034 0,
					  41.202 6.034 -1.29332,
					  42.14 5.698 0,
					  42.14 5.698 -1.29332,
					  42.14 5.698 0,
					  41.202 6.034 -1.29332,
					  42.14 5.698 0,
					  42.14 5.698 -1.29332,
					  42.714 4.466 0,
					  42.714 4.466 -1.29332,
					  42.714 4.466 0,
					  42.14 5.698 -1.29332,
					  42.714 4.466 0,
					  42.714 4.466 -1.29332,
					  39.676 4.466 0,
					  39.676 4.466 -1.29332,
					  39.676 4.466 0,
					  42.714 4.466 -1.29332,
					  39.676 4.466 0,
					  39.676 4.466 -1.29332,
					  40.124 5.614 0,
					  40.124 5.614 -1.29332,
					  40.124 5.614 0,
					  39.676 4.466 -1.29332,
					  46.27 9.464 0,
					  46.27 9.464 -1.29332,
					  46.27 7.448 0,
					  46.27 7.448 -1.29332,
					  46.27 7.448 0,
					  46.27 9.464 -1.29332,
					  46.27 7.448 0,
					  46.27 7.448 -1.29332,
					  45.262 7.448 0,
					  45.262 7.448 -1.29332,
					  45.262 7.448 0,
					  46.27 7.448 -1.29332,
					  45.262 7.448 0,
					  45.262 7.448 -1.29332,
					  45.262 6.048 0,
					  45.262 6.048 -1.29332,
					  45.262 6.048 0,
					  45.262 7.448 -1.29332,
					  45.262 6.048 0,
					  45.262 6.048 -1.29332,
					  46.27 6.048 0,
					  46.27 6.048 -1.29332,
					  46.27 6.048 0,
					  45.262 6.048 -1.29332,
					  46.27 6.048 0,
					  46.27 6.048 -1.29332,
					  46.27 1.526 0,
					  46.27 1.526 -1.29332,
					  46.27 1.526 0,
					  46.27 6.048 -1.29332,
					  46.27 1.526 0,
					  46.27 1.526 -1.29332,
					  46.634 0.35 0,
					  46.634 0.35 -1.29332,
					  46.634 0.35 0,
					  46.27 1.526 -1.29332,
					  46.634 0.35 0,
					  46.634 0.35 -1.29332,
					  48.272 -0.084 0,
					  48.272 -0.084 -1.29332,
					  48.272 -0.084 0,
					  46.634 0.35 -1.29332,
					  48.272 -0.084 0,
					  48.272 -0.084 -1.29332,
					  48.524 -0.084 0,
					  48.524 -0.084 -1.29332,
					  48.524 -0.084 0,
					  48.272 -0.084 -1.29332,
					  48.524 -0.084 0,
					  48.524 -0.084 -1.29332,
					  49.448 -0.056 0,
					  49.448 -0.056 -1.29332,
					  49.448 -0.056 0,
					  48.524 -0.084 -1.29332,
					  49.448 -0.056 0,
					  49.448 -0.056 -1.29332,
					  49.448 1.428 0,
					  49.448 1.428 -1.29332,
					  49.448 1.428 0,
					  49.448 -0.056 -1.29332,
					  49.448 1.428 0,
					  49.448 1.428 -1.29332,
					  49.042 1.4 0,
					  49.042 1.4 -1.29332,
					  49.042 1.4 0,
					  49.448 1.428 -1.29332,
					  49.042 1.4 0,
					  49.042 1.4 -1.29332,
					  48.328 1.526 0,
					  48.328 1.526 -1.29332,
					  48.328 1.526 0,
					  49.042 1.4 -1.29332,
					  48.328 1.526 0,
					  48.328 1.526 -1.29332,
					  48.23 2.002 0,
					  48.23 2.002 -1.29332,
					  48.23 2.002 0,
					  48.328 1.526 -1.29332,
					  48.23 2.002 0,
					  48.23 2.002 -1.29332,
					  48.23 6.048 0,
					  48.23 6.048 -1.29332,
					  48.23 6.048 0,
					  48.23 2.002 -1.29332,
					  48.23 6.048 0,
					  48.23 6.048 -1.29332,
					  49.448 6.048 0,
					  49.448 6.048 -1.29332,
					  49.448 6.048 0,
					  48.23 6.048 -1.29332,
					  49.448 6.048 0,
					  49.448 6.048 -1.29332,
					  49.448 7.448 0,
					  49.448 7.448 -1.29332,
					  49.448 7.448 0,
					  49.448 6.048 -1.29332,
					  49.448 7.448 0,
					  49.448 7.448 -1.29332,
					  48.23 7.448 0,
					  48.23 7.448 -1.29332,
					  48.23 7.448 0,
					  49.448 7.448 -1.29332,
					  48.23 7.448 0,
					  48.23 7.448 -1.29332,
					  48.23 9.464 0,
					  48.23 9.464 -1.29332,
					  48.23 9.464 0,
					  48.23 7.448 -1.29332,
					  48.23 9.464 0,
					  48.23 9.464 -1.29332,
					  46.27 9.464 0,
					  46.27 9.464 -1.29332,
					  46.27 9.464 0,
					  48.23 9.464 -1.29332,
					  50.932 9.464 0,
					  50.932 9.464 -1.29332,
					  50.932 7.448 0,
					  50.932 7.448 -1.29332,
					  50.932 7.448 0,
					  50.932 9.464 -1.29332,
					  50.932 7.448 0,
					  50.932 7.448 -1.29332,
					  49.924 7.448 0,
					  49.924 7.448 -1.29332,
					  49.924 7.448 0,
					  50.932 7.448 -1.29332,
					  49.924 7.448 0,
					  49.924 7.448 -1.29332,
					  49.924 6.048 0,
					  49.924 6.048 -1.29332,
					  49.924 6.048 0,
					  49.924 7.448 -1.29332,
					  49.924 6.048 0,
					  49.924 6.048 -1.29332,
					  50.932 6.048 0,
					  50.932 6.048 -1.29332,
					  50.932 6.048 0,
					  49.924 6.048 -1.29332,
					  50.932 6.048 0,
					  50.932 6.048 -1.29332,
					  50.932 1.526 0,
					  50.932 1.526 -1.29332,
					  50.932 1.526 0,
					  50.932 6.048 -1.29332,
					  50.932 1.526 0,
					  50.932 1.526 -1.29332,
					  51.296 0.35 0,
					  51.296 0.35 -1.29332,
					  51.296 0.35 0,
					  50.932 1.526 -1.29332,
					  51.296 0.35 0,
					  51.296 0.35 -1.29332,
					  52.934 -0.084 0,
					  52.934 -0.084 -1.29332,
					  52.934 -0.084 0,
					  51.296 0.35 -1.29332,
					  52.934 -0.084 0,
					  52.934 -0.084 -1.29332,
					  53.186 -0.084 0,
					  53.186 -0.084 -1.29332,
					  53.186 -0.084 0,
					  52.934 -0.084 -1.29332,
					  53.186 -0.084 0,
					  53.186 -0.084 -1.29332,
					  54.11 -0.056 0,
					  54.11 -0.056 -1.29332,
					  54.11 -0.056 0,
					  53.186 -0.084 -1.29332,
					  54.11 -0.056 0,
					  54.11 -0.056 -1.29332,
					  54.11 1.428 0,
					  54.11 1.428 -1.29332,
					  54.11 1.428 0,
					  54.11 -0.056 -1.29332,
					  54.11 1.428 0,
					  54.11 1.428 -1.29332,
					  53.704 1.4 0,
					  53.704 1.4 -1.29332,
					  53.704 1.4 0,
					  54.11 1.428 -1.29332,
					  53.704 1.4 0,
					  53.704 1.4 -1.29332,
					  52.99 1.526 0,
					  52.99 1.526 -1.29332,
					  52.99 1.526 0,
					  53.704 1.4 -1.29332,
					  52.99 1.526 0,
					  52.99 1.526 -1.29332,
					  52.892 2.002 0,
					  52.892 2.002 -1.29332,
					  52.892 2.002 0,
					  52.99 1.526 -1.29332,
					  52.892 2.002 0,
					  52.892 2.002 -1.29332,
					  52.892 6.048 0,
					  52.892 6.048 -1.29332,
					  52.892 6.048 0,
					  52.892 2.002 -1.29332,
					  52.892 6.048 0,
					  52.892 6.048 -1.29332,
					  54.11 6.048 0,
					  54.11 6.048 -1.29332,
					  54.11 6.048 0,
					  52.892 6.048 -1.29332,
					  54.11 6.048 0,
					  54.11 6.048 -1.29332,
					  54.11 7.448 0,
					  54.11 7.448 -1.29332,
					  54.11 7.448 0,
					  54.11 6.048 -1.29332,
					  54.11 7.448 0,
					  54.11 7.448 -1.29332,
					  52.892 7.448 0,
					  52.892 7.448 -1.29332,
					  52.892 7.448 0,
					  54.11 7.448 -1.29332,
					  52.892 7.448 0,
					  52.892 7.448 -1.29332,
					  52.892 9.464 0,
					  52.892 9.464 -1.29332,
					  52.892 9.464 0,
					  52.892 7.448 -1.29332,
					  52.892 9.464 0,
					  52.892 9.464 -1.29332,
					  50.932 9.464 0,
					  50.932 9.464 -1.29332,
					  50.932 9.464 0,
					  52.892 9.464 -1.29332,
					  0.784 1.974 -1.29332,
					  0.476 3.724 -1.29332,
					  0.784 5.46 -1.29332,
					  0.784 1.974 -1.29332,
					  0.784 5.46 -1.29332,
					  1.624 0.756 -1.29332,
					  1.624 0.756 -1.29332,
					  0.784 5.46 -1.29332,
					  1.624 6.692 -1.29332,
					  1.624 0.756 -1.29332,
					  1.624 6.692 -1.29332,
					  2.492 3.724 -1.29332,
					  1.624 0.756 -1.29332,
					  2.492 3.724 -1.29332,
					  2.814 2.226 -1.29332,
					  1.624 0.756 -1.29332,
					  2.814 2.226 -1.29332,
					  4.284 -0.196 -1.29332,
					  4.284 -0.196 -1.29332,
					  2.814 2.226 -1.29332,
					  4.284 1.456 -1.29332,
					  4.284 -0.196 -1.29332,
					  4.284 1.456 -1.29332,
					  5.74 2.226 -1.29332,
					  5.74 2.226 -1.29332,
					  6.076 3.724 -1.29332,
					  6.93 0.756 -1.29332,
					  4.284 -0.196 -1.29332,
					  5.74 2.226 -1.29332,
					  6.93 0.756 -1.29332,
					  2.492 3.724 -1.29332,
					  1.624 6.692 -1.29332,
					  2.814 5.208 -1.29332,
					  2.814 5.208 -1.29332,
					  1.624 6.692 -1.29332,
					  4.284 5.992 -1.29332,
					  4.284 5.992 -1.29332,
					  1.624 6.692 -1.29332,
					  4.284 7.644 -1.29332,
					  4.284 5.992 -1.29332,
					  4.284 7.644 -1.29332,
					  5.74 5.208 -1.29332,
					  6.076 3.724 -1.29332,
					  5.74 5.208 -1.29332,
					  6.93 0.756 -1.29332,
					  5.74 5.208 -1.29332,
					  4.284 7.644 -1.29332,
					  6.93 6.692 -1.29332,
					  6.93 0.756 -1.29332,
					  5.74 5.208 -1.29332,
					  6.93 6.692 -1.29332,
					  6.93 0.756 -1.29332,
					  6.93 6.692 -1.29332,
					  7.77 1.974 -1.29332,
					  7.77 1.974 -1.29332,
					  6.93 6.692 -1.29332,
					  7.77 5.46 -1.29332,
					  7.77 1.974 -1.29332,
					  7.77 5.46 -1.29332,
					  8.092 3.724 -1.29332,
					  9.31 1.134 -1.29332,
					  8.974 2.38 -1.29332,
					  10.15 0.336 -1.29332,
					  10.15 0.336 -1.29332,
					  8.974 2.38 -1.29332,
					  10.99 2.38 -1.29332,
					  10.15 0.336 -1.29332,
					  10.99 2.38 -1.29332,
					  11.34 1.596 -1.29332,
					  10.15 0.336 -1.29332,
					  11.34 1.596 -1.29332,
					  12.558 -0.196 -1.29332,
					  12.558 -0.196 -1.29332,
					  11.34 1.596 -1.29332,
					  12.614 1.288 -1.29332,
					  12.558 -0.196 -1.29332,
					  12.614 1.288 -1.29332,
					  13.608 1.568 -1.29332,
					  13.608 1.568 -1.29332,
					  13.86 2.058 -1.29332,
					  14.616 0.266 -1.29332,
					  12.558 -0.196 -1.29332,
					  13.608 1.568 -1.29332,
					  14.616 0.266 -1.29332,
					  11.158 5.432 -1.29332,
					  10.794 7.406 -1.29332,
					  11.354 5.908 -1.29332,
					  11.354 5.908 -1.29332,
					  10.794 7.406 -1.29332,
					  12.25 7.644 -1.29332,
					  11.354 5.908 -1.29332,
					  12.25 7.644 -1.29332,
					  12.362 6.16 -1.29332,
					  12.362 6.16 -1.29332,
					  12.25 7.644 -1.29332,
					  13.384 5.838 -1.29332,
					  13.384 5.838 -1.29332,
					  12.25 7.644 -1.29332,
					  14.406 7.196 -1.29332,
					  13.678 5.18 -1.29332,
					  13.384 5.838 -1.29332,
					  14.406 7.196 -1.29332,
					  13.678 5.18 -1.29332,
					  14.406 7.196 -1.29332,
					  15.204 6.44 -1.29332,
					  13.678 5.18 -1.29332,
					  15.204 6.44 -1.29332,
					  15.596 5.18 -1.29332,
					  9.24 5.152 -1.29332,
					  9.87 6.804 -1.29332,
					  9.954 3.668 -1.29332,
					  9.954 3.668 -1.29332,
					  9.87 6.804 -1.29332,
					  10.794 7.406 -1.29332,
					  9.954 3.668 -1.29332,
					  10.794 7.406 -1.29332,
					  11.158 5.432 -1.29332,
					  9.954 3.668 -1.29332,
					  11.158 5.432 -1.29332,
					  11.55 3.024 -1.29332,
					  11.55 3.024 -1.29332,
					  11.158 5.432 -1.29332,
					  11.886 4.83 -1.29332,
					  11.55 3.024 -1.29332,
					  11.886 4.83 -1.29332,
					  13.132 2.674 -1.29332,
					  13.132 2.674 -1.29332,
					  11.886 4.83 -1.29332,
					  13.482 4.48 -1.29332,
					  13.132 2.674 -1.29332,
					  13.482 4.48 -1.29332,
					  13.86 2.058 -1.29332,
					  13.86 2.058 -1.29332,
					  13.482 4.48 -1.29332,
					  14.616 0.266 -1.29332,
					  14.616 0.266 -1.29332,
					  13.482 4.48 -1.29332,
					  15.078 3.836 -1.29332,
					  14.616 0.266 -1.29332,
					  15.078 3.836 -1.29332,
					  15.47 1.05 -1.29332,
					  15.47 1.05 -1.29332,
					  15.078 3.836 -1.29332,
					  15.82 2.366 -1.29332,
					  17.304 0 -1.29332,
					  17.304 10.052 -1.29332,
					  19.264 0 -1.29332,
					  19.264 0 -1.29332,
					  17.304 10.052 -1.29332,
					  19.264 10.052 -1.29332,
					  21.014 1.974 -1.29332,
					  20.706 3.724 -1.29332,
					  21.014 5.46 -1.29332,
					  21.014 1.974 -1.29332,
					  21.014 5.46 -1.29332,
					  21.854 0.756 -1.29332,
					  21.854 0.756 -1.29332,
					  21.014 5.46 -1.29332,
					  21.854 6.692 -1.29332,
					  21.854 0.756 -1.29332,
					  21.854 6.692 -1.29332,
					  22.722 3.724 -1.29332,
					  21.854 0.756 -1.29332,
					  22.722 3.724 -1.29332,
					  23.044 2.226 -1.29332,
					  21.854 0.756 -1.29332,
					  23.044 2.226 -1.29332,
					  24.514 -0.196 -1.29332,
					  24.514 -0.196 -1.29332,
					  23.044 2.226 -1.29332,
					  24.514 1.456 -1.29332,
					  24.514 -0.196 -1.29332,
					  24.514 1.456 -1.29332,
					  25.97 2.226 -1.29332,
					  25.97 2.226 -1.29332,
					  26.306 3.724 -1.29332,
					  27.16 0.756 -1.29332,
					  24.514 -0.196 -1.29332,
					  25.97 2.226 -1.29332,
					  27.16 0.756 -1.29332,
					  22.722 3.724 -1.29332,
					  21.854 6.692 -1.29332,
					  23.044 5.208 -1.29332,
					  23.044 5.208 -1.29332,
					  21.854 6.692 -1.29332,
					  24.514 5.992 -1.29332,
					  24.514 5.992 -1.29332,
					  21.854 6.692 -1.29332,
					  24.514 7.644 -1.29332,
					  24.514 5.992 -1.29332,
					  24.514 7.644 -1.29332,
					  25.97 5.208 -1.29332,
					  26.306 3.724 -1.29332,
					  25.97 5.208 -1.29332,
					  27.16 0.756 -1.29332,
					  25.97 5.208 -1.29332,
					  24.514 7.644 -1.29332,
					  27.16 6.692 -1.29332,
					  27.16 0.756 -1.29332,
					  25.97 5.208 -1.29332,
					  27.16 6.692 -1.29332,
					  27.16 0.756 -1.29332,
					  27.16 6.692 -1.29332,
					  28 1.974 -1.29332,
					  28 1.974 -1.29332,
					  27.16 6.692 -1.29332,
					  28 5.46 -1.29332,
					  28 1.974 -1.29332,
					  28 5.46 -1.29332,
					  28.322 3.724 -1.29332,
					  31.57 6.356 -1.29332,
					  29.694 7.448 -1.29332,
					  31.57 7.448 -1.29332,
					  29.694 0 -1.29332,
					  29.694 7.448 -1.29332,
					  31.57 6.356 -1.29332,
					  29.694 0 -1.29332,
					  31.57 6.356 -1.29332,
					  31.598 6.356 -1.29332,
					  29.694 0 -1.29332,
					  31.598 6.356 -1.29332,
					  31.654 0 -1.29332,
					  31.654 0 -1.29332,
					  31.598 6.356 -1.29332,
					  31.654 4.27 -1.29332,
					  31.654 4.27 -1.29332,
					  31.598 6.356 -1.29332,
					  32.088 5.544 -1.29332,
					  32.088 5.544 -1.29332,
					  31.598 6.356 -1.29332,
					  32.284 7.168 -1.29332,
					  32.088 5.544 -1.29332,
					  32.284 7.168 -1.29332,
					  33.194 5.992 -1.29332,
					  33.194 5.992 -1.29332,
					  32.284 7.168 -1.29332,
					  33.838 7.644 -1.29332,
					  33.194 5.992 -1.29332,
					  33.838 7.644 -1.29332,
					  34.286 5.46 -1.29332,
					  34.286 5.46 -1.29332,
					  33.838 7.644 -1.29332,
					  35.672 7 -1.29332,
					  34.468 4.522 -1.29332,
					  34.286 5.46 -1.29332,
					  35.672 7 -1.29332,
					  34.468 0 -1.29332,
					  34.468 4.522 -1.29332,
					  35.672 7 -1.29332,
					  34.468 0 -1.29332,
					  35.672 7 -1.29332,
					  36.428 0 -1.29332,
					  36.428 0 -1.29332,
					  35.672 7 -1.29332,
					  36.428 5.152 -1.29332,
					  39.62 3.192 -1.29332,
					  39.284 7.168 -1.29332,
					  39.676 4.466 -1.29332,
					  39.676 4.466 -1.29332,
					  39.284 7.168 -1.29332,
					  40.124 5.614 -1.29332,
					  40.124 5.614 -1.29332,
					  39.284 7.168 -1.29332,
					  41.202 6.034 -1.29332,
					  41.202 6.034 -1.29332,
					  39.284 7.168 -1.29332,
					  41.23 7.644 -1.29332,
					  41.202 6.034 -1.29332,
					  41.23 7.644 -1.29332,
					  42.14 5.698 -1.29332,
					  42.14 5.698 -1.29332,
					  41.23 7.644 -1.29332,
					  43.526 6.86 -1.29332,
					  42.714 4.466 -1.29332,
					  42.14 5.698 -1.29332,
					  43.526 6.86 -1.29332,
					  37.94 1.946 -1.29332,
					  37.66 3.878 -1.29332,
					  38.22 6.09 -1.29332,
					  37.94 1.946 -1.29332,
					  38.22 6.09 -1.29332,
					  38.724 0.686 -1.29332,
					  38.724 0.686 -1.29332,
					  38.22 6.09 -1.29332,
					  39.284 7.168 -1.29332,
					  38.724 0.686 -1.29332,
					  39.284 7.168 -1.29332,
					  39.62 3.192 -1.29332,
					  38.724 0.686 -1.29332,
					  39.62 3.192 -1.29332,
					  39.914 2.072 -1.29332,
					  38.724 0.686 -1.29332,
					  39.914 2.072 -1.29332,
					  41.37 -0.196 -1.29332,
					  41.37 -0.196 -1.29332,
					  39.914 2.072 -1.29332,
					  41.37 1.372 -1.29332,
					  41.37 -0.196 -1.29332,
					  41.37 1.372 -1.29332,
					  42.63 2.184 -1.29332,
					  41.37 -0.196 -1.29332,
					  42.63 2.184 -1.29332,
					  43.288 0.322 -1.29332,
					  43.288 0.322 -1.29332,
					  42.63 2.184 -1.29332,
					  44.646 2.184 -1.29332,
					  39.62 3.192 -1.29332,
					  39.676 4.466 -1.29332,
					  42.714 4.466 -1.29332,
					  42.714 4.466 -1.29332,
					  43.526 6.86 -1.29332,
					  44.38 5.614 -1.29332,
					  42.714 4.466 -1.29332,
					  44.38 5.614 -1.29332,
					  44.73 3.192 -1.29332,
					  39.62 3.192 -1.29332,
					  42.714 4.466 -1.29332,
					  44.73 3.192 -1.29332,
					  44.73 3.192 -1.29332,
					  44.38 5.614 -1.29332,
					  44.73 3.542 -1.29332,
					  45.262 6.048 -1.29332,
					  45.262 7.448 -1.29332,
					  46.27 6.048 -1.29332,
					  46.27 6.048 -1.29332,
					  45.262 7.448 -1.29332,
					  46.27 7.448 -1.29332,
					  46.27 1.526 -1.29332,
					  46.27 6.048 -1.29332,
					  46.27 7.448 -1.29332,
					  46.27 1.526 -1.29332,
					  46.27 7.448 -1.29332,
					  46.27 9.464 -1.29332,
					  46.27 1.526 -1.29332,
					  46.27 9.464 -1.29332,
					  46.634 0.35 -1.29332,
					  46.634 0.35 -1.29332,
					  46.27 9.464 -1.29332,
					  48.23 2.002 -1.29332,
					  48.23 2.002 -1.29332,
					  46.27 9.464 -1.29332,
					  48.23 6.048 -1.29332,
					  48.23 6.048 -1.29332,
					  46.27 9.464 -1.29332,
					  48.23 7.448 -1.29332,
					  48.23 7.448 -1.29332,
					  46.27 9.464 -1.29332,
					  48.23 9.464 -1.29332,
					  46.634 0.35 -1.29332,
					  48.23 2.002 -1.29332,
					  48.272 -0.084 -1.29332,
					  48.272 -0.084 -1.29332,
					  48.23 2.002 -1.29332,
					  48.328 1.526 -1.29332,
					  48.272 -0.084 -1.29332,
					  48.328 1.526 -1.29332,
					  48.524 -0.084 -1.29332,
					  48.524 -0.084 -1.29332,
					  48.328 1.526 -1.29332,
					  49.042 1.4 -1.29332,
					  48.524 -0.084 -1.29332,
					  49.042 1.4 -1.29332,
					  49.448 -0.056 -1.29332,
					  49.448 -0.056 -1.29332,
					  49.042 1.4 -1.29332,
					  49.448 1.428 -1.29332,
					  48.23 6.048 -1.29332,
					  48.23 7.448 -1.29332,
					  49.448 6.048 -1.29332,
					  49.448 6.048 -1.29332,
					  48.23 7.448 -1.29332,
					  49.448 7.448 -1.29332,
					  49.924 6.048 -1.29332,
					  49.924 7.448 -1.29332,
					  50.932 6.048 -1.29332,
					  50.932 6.048 -1.29332,
					  49.924 7.448 -1.29332,
					  50.932 7.448 -1.29332,
					  50.932 1.526 -1.29332,
					  50.932 6.048 -1.29332,
					  50.932 7.448 -1.29332,
					  50.932 1.526 -1.29332,
					  50.932 7.448 -1.29332,
					  50.932 9.464 -1.29332,
					  50.932 1.526 -1.29332,
					  50.932 9.464 -1.29332,
					  51.296 0.35 -1.29332,
					  51.296 0.35 -1.29332,
					  50.932 9.464 -1.29332,
					  52.892 2.002 -1.29332,
					  52.892 2.002 -1.29332,
					  50.932 9.464 -1.29332,
					  52.892 6.048 -1.29332,
					  52.892 6.048 -1.29332,
					  50.932 9.464 -1.29332,
					  52.892 7.448 -1.29332,
					  52.892 7.448 -1.29332,
					  50.932 9.464 -1.29332,
					  52.892 9.464 -1.29332,
					  51.296 0.35 -1.29332,
					  52.892 2.002 -1.29332,
					  52.934 -0.084 -1.29332,
					  52.934 -0.084 -1.29332,
					  52.892 2.002 -1.29332,
					  52.99 1.526 -1.29332,
					  52.934 -0.084 -1.29332,
					  52.99 1.526 -1.29332,
					  53.186 -0.084 -1.29332,
					  53.186 -0.084 -1.29332,
					  52.99 1.526 -1.29332,
					  53.704 1.4 -1.29332,
					  53.186 -0.084 -1.29332,
					  53.704 1.4 -1.29332,
					  54.11 -0.056 -1.29332,
					  54.11 -0.056 -1.29332,
					  53.704 1.4 -1.29332,
					  54.11 1.428 -1.29332,
					  52.892 6.048 -1.29332,
					  52.892 7.448 -1.29332,
					  54.11 6.048 -1.29332,
					  54.11 6.048 -1.29332,
					  52.892 7.448 -1.29332,
					  54.11 7.448 -1.29332,
					  0.784 5.46 0,
					  0.476 3.724 0,
					  0.784 1.974 0,
					  1.624 0.756 0,
					  0.784 5.46 0,
					  0.784 1.974 0,
					  1.624 6.692 0,
					  0.784 5.46 0,
					  1.624 0.756 0,
					  2.492 3.724 0,
					  1.624 6.692 0,
					  1.624 0.756 0,
					  2.814 2.226 0,
					  2.492 3.724 0,
					  1.624 0.756 0,
					  4.284 -0.196 0,
					  2.814 2.226 0,
					  1.624 0.756 0,
					  4.284 1.456 0,
					  2.814 2.226 0,
					  4.284 -0.196 0,
					  5.74 2.226 0,
					  4.284 1.456 0,
					  4.284 -0.196 0,
					  6.93 0.756 0,
					  6.076 3.724 0,
					  5.74 2.226 0,
					  6.93 0.756 0,
					  5.74 2.226 0,
					  4.284 -0.196 0,
					  2.814 5.208 0,
					  1.624 6.692 0,
					  2.492 3.724 0,
					  4.284 5.992 0,
					  1.624 6.692 0,
					  2.814 5.208 0,
					  4.284 7.644 0,
					  1.624 6.692 0,
					  4.284 5.992 0,
					  5.74 5.208 0,
					  4.284 7.644 0,
					  4.284 5.992 0,
					  6.93 0.756 0,
					  5.74 5.208 0,
					  6.076 3.724 0,
					  6.93 6.692 0,
					  4.284 7.644 0,
					  5.74 5.208 0,
					  6.93 6.692 0,
					  5.74 5.208 0,
					  6.93 0.756 0,
					  7.77 1.974 0,
					  6.93 6.692 0,
					  6.93 0.756 0,
					  7.77 5.46 0,
					  6.93 6.692 0,
					  7.77 1.974 0,
					  8.092 3.724 0,
					  7.77 5.46 0,
					  7.77 1.974 0,
					  10.15 0.336 0,
					  8.974 2.38 0,
					  9.31 1.134 0,
					  10.99 2.38 0,
					  8.974 2.38 0,
					  10.15 0.336 0,
					  11.34 1.596 0,
					  10.99 2.38 0,
					  10.15 0.336 0,
					  12.558 -0.196 0,
					  11.34 1.596 0,
					  10.15 0.336 0,
					  12.614 1.288 0,
					  11.34 1.596 0,
					  12.558 -0.196 0,
					  13.608 1.568 0,
					  12.614 1.288 0,
					  12.558 -0.196 0,
					  14.616 0.266 0,
					  13.86 2.058 0,
					  13.608 1.568 0,
					  14.616 0.266 0,
					  13.608 1.568 0,
					  12.558 -0.196 0,
					  11.354 5.908 0,
					  10.794 7.406 0,
					  11.158 5.432 0,
					  12.25 7.644 0,
					  10.794 7.406 0,
					  11.354 5.908 0,
					  12.362 6.16 0,
					  12.25 7.644 0,
					  11.354 5.908 0,
					  13.384 5.838 0,
					  12.25 7.644 0,
					  12.362 6.16 0,
					  14.406 7.196 0,
					  12.25 7.644 0,
					  13.384 5.838 0,
					  14.406 7.196 0,
					  13.384 5.838 0,
					  13.678 5.18 0,
					  15.204 6.44 0,
					  14.406 7.196 0,
					  13.678 5.18 0,
					  15.596 5.18 0,
					  15.204 6.44 0,
					  13.678 5.18 0,
					  9.954 3.668 0,
					  9.87 6.804 0,
					  9.24 5.152 0,
					  10.794 7.406 0,
					  9.87 6.804 0,
					  9.954 3.668 0,
					  11.158 5.432 0,
					  10.794 7.406 0,
					  9.954 3.668 0,
					  11.55 3.024 0,
					  11.158 5.432 0,
					  9.954 3.668 0,
					  11.886 4.83 0,
					  11.158 5.432 0,
					  11.55 3.024 0,
					  13.132 2.674 0,
					  11.886 4.83 0,
					  11.55 3.024 0,
					  13.482 4.48 0,
					  11.886 4.83 0,
					  13.132 2.674 0,
					  13.86 2.058 0,
					  13.482 4.48 0,
					  13.132 2.674 0,
					  14.616 0.266 0,
					  13.482 4.48 0,
					  13.86 2.058 0,
					  15.078 3.836 0,
					  13.482 4.48 0,
					  14.616 0.266 0,
					  15.47 1.05 0,
					  15.078 3.836 0,
					  14.616 0.266 0,
					  15.82 2.366 0,
					  15.078 3.836 0,
					  15.47 1.05 0,
					  19.264 0 0,
					  17.304 10.052 0,
					  17.304 0 0,
					  19.264 10.052 0,
					  17.304 10.052 0,
					  19.264 0 0,
					  21.014 5.46 0,
					  20.706 3.724 0,
					  21.014 1.974 0,
					  21.854 0.756 0,
					  21.014 5.46 0,
					  21.014 1.974 0,
					  21.854 6.692 0,
					  21.014 5.46 0,
					  21.854 0.756 0,
					  22.722 3.724 0,
					  21.854 6.692 0,
					  21.854 0.756 0,
					  23.044 2.226 0,
					  22.722 3.724 0,
					  21.854 0.756 0,
					  24.514 -0.196 0,
					  23.044 2.226 0,
					  21.854 0.756 0,
					  24.514 1.456 0,
					  23.044 2.226 0,
					  24.514 -0.196 0,
					  25.97 2.226 0,
					  24.514 1.456 0,
					  24.514 -0.196 0,
					  27.16 0.756 0,
					  26.306 3.724 0,
					  25.97 2.226 0,
					  27.16 0.756 0,
					  25.97 2.226 0,
					  24.514 -0.196 0,
					  23.044 5.208 0,
					  21.854 6.692 0,
					  22.722 3.724 0,
					  24.514 5.992 0,
					  21.854 6.692 0,
					  23.044 5.208 0,
					  24.514 7.644 0,
					  21.854 6.692 0,
					  24.514 5.992 0,
					  25.97 5.208 0,
					  24.514 7.644 0,
					  24.514 5.992 0,
					  27.16 0.756 0,
					  25.97 5.208 0,
					  26.306 3.724 0,
					  27.16 6.692 0,
					  24.514 7.644 0,
					  25.97 5.208 0,
					  27.16 6.692 0,
					  25.97 5.208 0,
					  27.16 0.756 0,
					  28 1.974 0,
					  27.16 6.692 0,
					  27.16 0.756 0,
					  28 5.46 0,
					  27.16 6.692 0,
					  28 1.974 0,
					  28.322 3.724 0,
					  28 5.46 0,
					  28 1.974 0,
					  31.57 7.448 0,
					  29.694 7.448 0,
					  31.57 6.356 0,
					  31.57 6.356 0,
					  29.694 7.448 0,
					  29.694 0 0,
					  31.598 6.356 0,
					  31.57 6.356 0,
					  29.694 0 0,
					  31.654 0 0,
					  31.598 6.356 0,
					  29.694 0 0,
					  31.654 4.27 0,
					  31.598 6.356 0,
					  31.654 0 0,
					  32.088 5.544 0,
					  31.598 6.356 0,
					  31.654 4.27 0,
					  32.284 7.168 0,
					  31.598 6.356 0,
					  32.088 5.544 0,
					  33.194 5.992 0,
					  32.284 7.168 0,
					  32.088 5.544 0,
					  33.838 7.644 0,
					  32.284 7.168 0,
					  33.194 5.992 0,
					  34.286 5.46 0,
					  33.838 7.644 0,
					  33.194 5.992 0,
					  35.672 7 0,
					  33.838 7.644 0,
					  34.286 5.46 0,
					  35.672 7 0,
					  34.286 5.46 0,
					  34.468 4.522 0,
					  35.672 7 0,
					  34.468 4.522 0,
					  34.468 0 0,
					  36.428 0 0,
					  35.672 7 0,
					  34.468 0 0,
					  36.428 5.152 0,
					  35.672 7 0,
					  36.428 0 0,
					  39.676 4.466 0,
					  39.284 7.168 0,
					  39.62 3.192 0,
					  40.124 5.614 0,
					  39.284 7.168 0,
					  39.676 4.466 0,
					  41.202 6.034 0,
					  39.284 7.168 0,
					  40.124 5.614 0,
					  41.23 7.644 0,
					  39.284 7.168 0,
					  41.202 6.034 0,
					  42.14 5.698 0,
					  41.23 7.644 0,
					  41.202 6.034 0,
					  43.526 6.86 0,
					  41.23 7.644 0,
					  42.14 5.698 0,
					  43.526 6.86 0,
					  42.14 5.698 0,
					  42.714 4.466 0,
					  38.22 6.09 0,
					  37.66 3.878 0,
					  37.94 1.946 0,
					  38.724 0.686 0,
					  38.22 6.09 0,
					  37.94 1.946 0,
					  39.284 7.168 0,
					  38.22 6.09 0,
					  38.724 0.686 0,
					  39.62 3.192 0,
					  39.284 7.168 0,
					  38.724 0.686 0,
					  39.914 2.072 0,
					  39.62 3.192 0,
					  38.724 0.686 0,
					  41.37 -0.196 0,
					  39.914 2.072 0,
					  38.724 0.686 0,
					  41.37 1.372 0,
					  39.914 2.072 0,
					  41.37 -0.196 0,
					  42.63 2.184 0,
					  41.37 1.372 0,
					  41.37 -0.196 0,
					  43.288 0.322 0,
					  42.63 2.184 0,
					  41.37 -0.196 0,
					  44.646 2.184 0,
					  42.63 2.184 0,
					  43.288 0.322 0,
					  42.714 4.466 0,
					  39.676 4.466 0,
					  39.62 3.192 0,
					  44.38 5.614 0,
					  43.526 6.86 0,
					  42.714 4.466 0,
					  44.73 3.192 0,
					  44.38 5.614 0,
					  42.714 4.466 0,
					  44.73 3.192 0,
					  42.714 4.466 0,
					  39.62 3.192 0,
					  44.73 3.542 0,
					  44.38 5.614 0,
					  44.73 3.192 0,
					  46.27 6.048 0,
					  45.262 7.448 0,
					  45.262 6.048 0,
					  46.27 7.448 0,
					  45.262 7.448 0,
					  46.27 6.048 0,
					  46.27 7.448 0,
					  46.27 6.048 0,
					  46.27 1.526 0,
					  46.27 9.464 0,
					  46.27 7.448 0,
					  46.27 1.526 0,
					  46.634 0.35 0,
					  46.27 9.464 0,
					  46.27 1.526 0,
					  48.23 2.002 0,
					  46.27 9.464 0,
					  46.634 0.35 0,
					  48.23 6.048 0,
					  46.27 9.464 0,
					  48.23 2.002 0,
					  48.23 7.448 0,
					  46.27 9.464 0,
					  48.23 6.048 0,
					  48.23 9.464 0,
					  46.27 9.464 0,
					  48.23 7.448 0,
					  48.272 -0.084 0,
					  48.23 2.002 0,
					  46.634 0.35 0,
					  48.328 1.526 0,
					  48.23 2.002 0,
					  48.272 -0.084 0,
					  48.524 -0.084 0,
					  48.328 1.526 0,
					  48.272 -0.084 0,
					  49.042 1.4 0,
					  48.328 1.526 0,
					  48.524 -0.084 0,
					  49.448 -0.056 0,
					  49.042 1.4 0,
					  48.524 -0.084 0,
					  49.448 1.428 0,
					  49.042 1.4 0,
					  49.448 -0.056 0,
					  49.448 6.048 0,
					  48.23 7.448 0,
					  48.23 6.048 0,
					  49.448 7.448 0,
					  48.23 7.448 0,
					  49.448 6.048 0,
					  50.932 6.048 0,
					  49.924 7.448 0,
					  49.924 6.048 0,
					  50.932 7.448 0,
					  49.924 7.448 0,
					  50.932 6.048 0,
					  50.932 7.448 0,
					  50.932 6.048 0,
					  50.932 1.526 0,
					  50.932 9.464 0,
					  50.932 7.448 0,
					  50.932 1.526 0,
					  51.296 0.35 0,
					  50.932 9.464 0,
					  50.932 1.526 0,
					  52.892 2.002 0,
					  50.932 9.464 0,
					  51.296 0.35 0,
					  52.892 6.048 0,
					  50.932 9.464 0,
					  52.892 2.002 0,
					  52.892 7.448 0,
					  50.932 9.464 0,
					  52.892 6.048 0,
					  52.892 9.464 0,
					  50.932 9.464 0,
					  52.892 7.448 0,
					  52.934 -0.084 0,
					  52.892 2.002 0,
					  51.296 0.35 0,
					  52.99 1.526 0,
					  52.892 2.002 0,
					  52.934 -0.084 0,
					  53.186 -0.084 0,
					  52.99 1.526 0,
					  52.934 -0.084 0,
					  53.704 1.4 0,
					  52.99 1.526 0,
					  53.186 -0.084 0,
					  54.11 -0.056 0,
					  53.704 1.4 0,
					  53.186 -0.084 0,
					  54.11 1.428 0,
					  53.704 1.4 0,
					  54.11 -0.056 0,
					  54.11 6.048 0,
					  52.892 7.448 0,
					  52.892 6.048 0,
					  54.11 7.448 0,
					  52.892 7.448 0,
					  54.11 6.048 0 ]
		    }
		    Normal {
			vector	[ 0.983229 0.182373 0,
					  0.983229 0.182373 0,
					  0.826227 0.563337 0,
					  0.826227 0.563337 0,
					  0.826227 0.563337 0,
					  0.983229 0.182373 0,
					  0.338543 0.940951 0,
					  0.338543 0.940951 0,
					  0.338543 0.940951 0,
					  0.338543 0.940951 0,
					  0.338543 0.940951 0,
					  0.338543 0.940951 0,
					  -0.336964 0.941518 0,
					  -0.336964 0.941518 0,
					  -0.336964 0.941518 0,
					  -0.336964 0.941518 0,
					  -0.336964 0.941518 0,
					  -0.336964 0.941518 0,
					  -0.826227 0.563337 0,
					  -0.826227 0.563337 0,
					  -0.926043 0.377417 0,
					  -0.926043 0.377417 0,
					  -0.926043 0.377417 0,
					  -0.826227 0.563337 0,
					  -0.926043 0.377417 0,
					  -0.926043 0.377417 0,
					  -1 0.000688182 0,
					  -1 0.000688182 0,
					  -1 0.000688182 0,
					  -0.926043 0.377417 0,
					  -1 0.000688182 0,
					  -1 0.000688182 0,
					  -0.925295 -0.379247 0,
					  -0.925295 -0.379247 0,
					  -0.925295 -0.379247 0,
					  -1 0.000688182 0,
					  -0.925295 -0.379247 0,
					  -0.925295 -0.379247 0,
					  -0.823213 -0.567733 0,
					  -0.823213 -0.567733 0,
					  -0.823213 -0.567733 0,
					  -0.925295 -0.379247 0,
					  -0.336964 -0.941518 0,
					  -0.336964 -0.941518 0,
					  -0.336964 -0.941518 0,
					  -0.336964 -0.941518 0,
					  -0.336964 -0.941518 0,
					  -0.336964 -0.941518 0,
					  0.338543 -0.940951 0,
					  0.338543 -0.940951 0,
					  0.338543 -0.940951 0,
					  0.338543 -0.940951 0,
					  0.338543 -0.940951 0,
					  0.338543 -0.940951 0,
					  0.823213 -0.567733 0,
					  0.823213 -0.567733 0,
					  0.923819 -0.382829 0,
					  0.923819 -0.382829 0,
					  0.923819 -0.382829 0,
					  0.823213 -0.567733 0,
					  0.923819 -0.382829 0,
					  0.923819 -0.382829 0,
					  1 0.000717441 0,
					  1 0.000717441 0,
					  1 0.000717441 0,
					  0.923819 -0.382829 0,
					  1 0.000717441 0,
					  1 0.000717441 0,
					  0.983229 0.182373 0,
					  0.983229 0.182373 0,
					  0.983229 0.182373 0,
					  1 0.000717441 0,
					  -0.467497 0.883995 0,
					  -0.467497 0.883995 0,
					  -0.467497 0.883995 0,
					  -0.467497 0.883995 0,
					  -0.467497 0.883995 0,
					  -0.467497 0.883995 0,
					  0.464007 0.885831 0,
					  0.464007 0.885831 0,
					  0.464007 0.885831 0,
					  0.464007 0.885831 0,
					  0.464007 0.885831 0,
					  0.464007 0.885831 0,
					  0.977669 0.210153 0,
					  0.977669 0.210153 0,
					  0.999999 -0.000968717 0,
					  0.999999 -0.000968717 0,
					  0.999999 -0.000968717 0,
					  0.977669 0.210153 0,
					  0.999999 -0.000968717 0,
					  0.999999 -0.000968717 0,
					  0.97726 -0.212047 0,
					  0.97726 -0.212047 0,
					  0.97726 -0.212047 0,
					  0.999999 -0.000968717 0,
					  0.470588 -0.882353 0,
					  0.470588 -0.882353 0,
					  0.470588 -0.882353 0,
					  0.470588 -0.882353 0,
					  0.470588 -0.882353 0,
					  0.470588 -0.882353 0,
					  -0.4741 -0.880471 0,
					  -0.4741 -0.880471 0,
					  -0.4741 -0.880471 0,
					  -0.4741 -0.880471 0,
					  -0.4741 -0.880471 0,
					  -0.4741 -0.880471 0,
					  -0.975313 -0.220826 0,
					  -0.975313 -0.220826 0,
					  -1 -0.00100686 0,
					  -1 -0.00100686 0,
					  -1 -0.00100686 0,
					  -0.975313 -0.220826 0,
					  -1 -0.00100686 0,
					  -1 -0.00100686 0,
					  -0.975756 0.218861 0,
					  -0.975756 0.218861 0,
					  -0.975756 0.218861 0,
					  -1 -0.00100686 0,
					  0.687744 0.725953 0,
					  0.687744 0.725953 0,
					  0.687744 0.725953 0,
					  0.687744 0.725953 0,
					  0.687744 0.725953 0,
					  0.687744 0.725953 0,
					  0.203446 0.979086 0,
					  0.203446 0.979086 0,
					  0.0214226 0.999771 0,
					  0.0214226 0.999771 0,
					  0.0214226 0.999771 0,
					  0.203446 0.979086 0,
					  0.0214226 0.999771 0,
					  0.0214226 0.999771 0,
					  -0.361367 0.932424 0,
					  -0.361367 0.932424 0,
					  -0.361367 0.932424 0,
					  0.0214226 0.999771 0,
					  -0.361367 0.932424 0,
					  -0.361367 0.932424 0,
					  -0.545881 0.837863 0,
					  -0.545881 0.837863 0,
					  -0.545881 0.837863 0,
					  -0.361367 0.932424 0,
					  -0.934362 0.356325 0,
					  -0.934362 0.356325 0,
					  -0.934362 0.356325 0,
					  -0.934362 0.356325 0,
					  -0.934362 0.356325 0,
					  -0.934362 0.356325 0,
					  -0.901125 -0.43356 0,
					  -0.901125 -0.43356 0,
					  -0.901125 -0.43356 0,
					  -0.901125 -0.43356 0,
					  -0.901125 -0.43356 0,
					  -0.901125 -0.43356 0,
					  -0.374194 -0.927351 0,
					  -0.374194 -0.927351 0,
					  -0.296122 -0.95515 0,
					  -0.296122 -0.95515 0,
					  -0.296122 -0.95515 0,
					  -0.374194 -0.927351 0,
					  -0.296122 -0.95515 0,
					  -0.296122 -0.95515 0,
					  -0.443943 -0.896055 0,
					  -0.443943 -0.896055 0,
					  -0.443943 -0.896055 0,
					  -0.296122 -0.95515 0,
					  -0.443943 -0.896055 0,
					  -0.443943 -0.896055 0,
					  -0.645942 -0.763386 0,
					  -0.645942 -0.763386 0,
					  -0.645942 -0.763386 0,
					  -0.443943 -0.896055 0,
					  -0.889288 0.457348 0,
					  -0.889288 0.457348 0,
					  -0.889288 0.457348 0,
					  -0.889288 0.457348 0,
					  -0.889288 0.457348 0,
					  -0.889288 0.457348 0,
					  -0.271138 0.96254 0,
					  -0.271138 0.96254 0,
					  -0.271138 0.96254 0,
					  -0.271138 0.96254 0,
					  -0.271138 0.96254 0,
					  -0.271138 0.96254 0,
					  0.234989 0.971998 0,
					  0.234989 0.971998 0,
					  0.234989 0.971998 0,
					  0.234989 0.971998 0,
					  0.234989 0.971998 0,
					  0.234989 0.971998 0,
					  0.913138 0.407651 0,
					  0.913138 0.407651 0,
					  0.913138 0.407651 0,
					  0.913138 0.407651 0,
					  0.913138 0.407651 0,
					  0.913138 0.407651 0,
					  0 1 0,
					  0 1 0,
					  0 1 0,
					  0 1 0,
					  0 1 0,
					  0 1 0,
					  -0.965511 -0.260363 0,
					  -0.965511 -0.260363 0,
					  -0.965511 -0.260363 0,
					  -0.965511 -0.260363 0,
					  -0.965511 -0.260363 0,
					  -0.965511 -0.260363 0,
					  -0.688749 -0.724999 0,
					  -0.688749 -0.724999 0,
					  -0.688749 -0.724999 0,
					  -0.688749 -0.724999 0,
					  -0.688749 -0.724999 0,
					  -0.688749 -0.724999 0,
					  -0.215728 -0.976453 0,
					  -0.215728 -0.976453 0,
					  0.00169567 -0.999999 0,
					  0.00169567 -0.999999 0,
					  0.00169567 -0.999999 0,
					  -0.215728 -0.976453 0,
					  0.00169567 -0.999999 0,
					  0.00169567 -0.999999 0,
					  0.219038 -0.975716 0,
					  0.219038 -0.975716 0,
					  0.219038 -0.975716 0,
					  0.00169567 -0.999999 0,
					  0.676271 -0.736653 0,
					  0.676271 -0.736653 0,
					  0.676271 -0.736653 0,
					  0.676271 -0.736653 0,
					  0.676271 -0.736653 0,
					  0.676271 -0.736653 0,
					  0.966405 -0.257023 0,
					  0.966405 -0.257023 0,
					  0.966405 -0.257023 0,
					  0.966405 -0.257023 0,
					  0.966405 -0.257023 0,
					  0.966405 -0.257023 0,
					  0.89272 0.450612 0,
					  0.89272 0.450612 0,
					  0.89272 0.450612 0,
					  0.89272 0.450612 0,
					  0.89272 0.450612 0,
					  0.89272 0.450612 0,
					  0.374194 0.92735 0,
					  0.374194 0.92735 0,
					  0.295238 0.955424 0,
					  0.295238 0.955424 0,
					  0.295238 0.955424 0,
					  0.374194 0.92735 0,
					  0.295238 0.955424 0,
					  0.295238 0.955424 0,
					  0.438035 0.898958 0,
					  0.438035 0.898958 0,
					  0.438035 0.898958 0,
					  0.295238 0.955424 0,
					  0.438035 0.898958 0,
					  0.438035 0.898958 0,
					  0.637264 0.770645 0,
					  0.637264 0.770645 0,
					  0.637264 0.770645 0,
					  0.438035 0.898958 0,
					  0.924678 -0.380749 0,
					  0.924678 -0.380749 0,
					  0.924678 -0.380749 0,
					  0.924678 -0.380749 0,
					  0.924678 -0.380749 0,
					  0.924678 -0.380749 0,
					  0.242535 -0.970142 0,
					  0.242535 -0.970142 0,
					  0.242535 -0.970142 0,
					  0.242535 -0.970142 0,
					  0.242535 -0.970142 0,
					  0.242535 -0.970142 0,
					  -0.300506 -0.95378 0,
					  -0.300506 -0.95378 0,
					  -0.300506 -0.95378 0,
					  -0.300506 -0.95378 0,
					  -0.300506 -0.95378 0,
					  -0.300506 -0.95378 0,
					  -0.913009 -0.40794 0,
					  -0.913009 -0.40794 0,
					  -0.913009 -0.40794 0,
					  -0.913009 -0.40794 0,
					  -0.913009 -0.40794 0,
					  -0.913009 -0.40794 0,
					  0 -1 0,
					  0 -1 0,
					  0 -1 0,
					  0 -1 0,
					  0 -1 0,
					  0 -1 0,
					  0.954857 0.297066 0,
					  0.954857 0.297066 0,
					  0.954857 0.297066 0,
					  0.954857 0.297066 0,
					  0.954857 0.297066 0,
					  0.954857 0.297066 0,
					  -1 0 0,
					  -1 0 0,
					  -1 0 0,
					  -1 0 0,
					  -1 0 0,
					  -1 0 0,
					  0 -1 0,
					  0 -1 0,
					  0 -1 0,
					  0 -1 0,
					  0 -1 0,
					  0 -1 0,
					  1 0 0,
					  1 0 0,
					  1 0 0,
					  1 0 0,
					  1 0 0,
					  1 0 0,
					  0 1 0,
					  0 1 0,
					  0 1 0,
					  0 1 0,
					  0 1 0,
					  0 1 0,
					  0.993374 -0.114922 0,
					  0.993374 -0.114922 0,
					  0.826227 0.563337 0,
					  0.826227 0.563337 0,
					  0.826227 0.563337 0,
					  0.993374 -0.114922 0,
					  0.338543 0.940951 0,
					  0.338543 0.940951 0,
					  0.338543 0.940951 0,
					  0.338543 0.940951 0,
					  0.338543 0.940951 0,
					  0.338543 0.940951 0,
					  -0.336964 0.941518 0,
					  -0.336964 0.941518 0,
					  -0.336964 0.941518 0,
					  -0.336964 0.941518 0,
					  -0.336964 0.941518 0,
					  -0.336964 0.941518 0,
					  -0.826227 0.563337 0,
					  -0.826227 0.563337 0,
					  -0.926043 0.377417 0,
					  -0.926043 0.377417 0,
					  -0.926043 0.377417 0,
					  -0.826227 0.563337 0,
					  -0.926043 0.377417 0,
					  -0.926043 0.377417 0,
					  -1 0.000688182 0,
					  -1 0.000688182 0,
					  -1 0.000688182 0,
					  -0.926043 0.377417 0,
					  -1 0.000688182 0,
					  -1 0.000688182 0,
					  -0.925295 -0.379247 0,
					  -0.925295 -0.379247 0,
					  -0.925295 -0.379247 0,
					  -1 0.000688182 0,
					  -0.925295 -0.379247 0,
					  -0.925295 -0.379247 0,
					  -0.823213 -0.567733 0,
					  -0.823213 -0.567733 0,
					  -0.823213 -0.567733 0,
					  -0.925295 -0.379247 0,
					  -0.336964 -0.941518 0,
					  -0.336964 -0.941518 0,
					  -0.336964 -0.941518 0,
					  -0.336964 -0.941518 0,
					  -0.336964 -0.941518 0,
					  -0.336964 -0.941518 0,
					  0.338543 -0.940951 0,
					  0.338543 -0.940951 0,
					  0.338543 -0.940951 0,
					  0.338543 -0.940951 0,
					  0.338543 -0.940951 0,
					  0.338543 -0.940951 0,
					  0.823213 -0.567733 0,
					  0.823213 -0.567733 0,
					  0.923819 -0.382829 0,
					  0.923819 -0.382829 0,
					  0.923819 -0.382829 0,
					  0.823213 -0.567733 0,
					  0.923819 -0.382829 0,
					  0.923819 -0.382829 0,
					  1 0.000717441 0,
					  1 0.000717441 0,
					  1 0.000717441 0,
					  0.923819 -0.382829 0,
					  1 0.000717441 0,
					  1 0.000717441 0,
					  0.993374 -0.114922 0,
					  0.993374 -0.114922 0,
					  0.993374 -0.114922 0,
					  1 0.000717441 0,
					  -0.467497 0.883995 0,
					  -0.467497 0.883995 0,
					  -0.467497 0.883995 0,
					  -0.467497 0.883995 0,
					  -0.467497 0.883995 0,
					  -0.467497 0.883995 0,
					  0.464007 0.885831 0,
					  0.464007 0.885831 0,
					  0.464007 0.885831 0,
					  0.464007 0.885831 0,
					  0.464007 0.885831 0,
					  0.464007 0.885831 0,
					  0.977669 0.210153 0,
					  0.977669 0.210153 0,
					  0.999999 -0.000968717 0,
					  0.999999 -0.000968717 0,
					  0.999999 -0.000968717 0,
					  0.977669 0.210153 0,
					  0.999999 -0.000968717 0,
					  0.999999 -0.000968717 0,
					  0.97726 -0.212047 0,
					  0.97726 -0.212047 0,
					  0.97726 -0.212047 0,
					  0.999999 -0.000968717 0,
					  0.470588 -0.882353 0,
					  0.470588 -0.882353 0,
					  0.470588 -0.882353 0,
					  0.470588 -0.882353 0,
					  0.470588 -0.882353 0,
					  0.470588 -0.882353 0,
					  -0.4741 -0.880471 0,
					  -0.4741 -0.880471 0,
					  -0.4741 -0.880471 0,
					  -0.4741 -0.880471 0,
					  -0.4741 -0.880471 0,
					  -0.4741 -0.880471 0,
					  -0.975313 -0.220826 0,
					  -0.975313 -0.220826 0,
					  -1 -0.00100686 0,
					  -1 -0.00100686 0,
					  -1 -0.00100686 0,
					  -0.975313 -0.220826 0,
					  -1 -0.00100686 0,
					  -1 -0.00100686 0,
					  -0.975756 0.218861 0,
					  -0.975756 0.218861 0,
					  -0.975756 0.218861 0,
					  -1 -0.00100686 0,
					  0.331313 0.943521 0,
					  0.331313 0.943521 0,
					  0.331313 0.943521 0,
					  0.331313 0.943521 0,
					  0.331313 0.943521 0,
					  0.331313 0.943521 0,
					  -0.292875 0.956151 0,
					  -0.292875 0.956151 0,
					  -0.292875 0.956151 0,
					  -0.292875 0.956151 0,
					  -0.292875 0.956151 0,
					  -0.292875 0.956151 0,
					  -0.763886 0.645352 0,
					  -0.763886 0.645352 0,
					  -0.763886 0.645352 0,
					  -0.763886 0.645352 0,
					  -0.763886 0.645352 0,
					  -0.763886 0.645352 0,
					  0 1 0,
					  0 1 0,
					  0 1 0,
					  0 1 0,
					  0 1 0,
					  0 1 0,
					  1 0 0,
					  1 0 0,
					  1 0 0,
					  1 0 0,
					  1 0 0,
					  1 0 0,
					  0 1 0,
					  0 1 0,
					  0 1 0,
					  0 1 0,
					  0 1 0,
					  0 1 0,
					  -1 0 0,
					  -1 0 0,
					  -1 0 0,
					  -1 0 0,
					  -1 0 0,
					  -1 0 0,
					  0 -1 0,
					  0 -1 0,
					  0 -1 0,
					  0 -1 0,
					  0 -1 0,
					  0 -1 0,
					  1 0 0,
					  1 0 0,
					  0.986555 -0.163428 0,
					  0.986555 -0.163428 0,
					  0.986555 -0.163428 0,
					  1 0 0,
					  0.986555 -0.163428 0,
					  0.986555 -0.163428 0,
					  0.946582 -0.322462 0,
					  0.946582 -0.322462 0,
					  0.946582 -0.322462 0,
					  0.986555 -0.163428 0,
					  0.375433 -0.92685 0,
					  0.375433 -0.92685 0,
					  0.375433 -0.92685 0,
					  0.375433 -0.92685 0,
					  0.375433 -0.92685 0,
					  0.375433 -0.92685 0,
					  -0.43797 -0.89899 0,
					  -0.43797 -0.89899 0,
					  -0.43797 -0.89899 0,
					  -0.43797 -0.89899 0,
					  -0.43797 -0.89899 0,
					  -0.43797 -0.89899 0,
					  -0.981691 -0.190478 0,
					  -0.981691 -0.190478 0,
					  -0.995412 -0.0956778 0,
					  -0.995412 -0.0956778 0,
					  -0.995412 -0.0956778 0,
					  -0.981691 -0.190478 0,
					  -0.995412 -0.0956778 0,
					  -0.995412 -0.0956778 0,
					  -1 0 0,
					  -1 0 0,
					  -1 0 0,
					  -0.995412 -0.0956778 0,
					  0 -1 0,
					  0 -1 0,
					  0 -1 0,
					  0 -1 0,
					  0 -1 0,
					  0 -1 0,
					  1 0 0,
					  1 0 0,
					  0.98121 0.192942 0,
					  0.98121 0.192942 0,
					  0.98121 0.192942 0,
					  1 0 0,
					  0.98121 0.192942 0,
					  0.98121 0.192942 0,
					  0.925547 0.378633 0,
					  0.925547 0.378633 0,
					  0.925547 0.378633 0,
					  0.98121 0.192942 0,
					  0.433294 0.901252 0,
					  0.433294 0.901252 0,
					  0.433294 0.901252 0,
					  0.433294 0.901252 0,
					  0.433294 0.901252 0,
					  0.433294 0.901252 0,
					  0.967231 0.253898 0,
					  0.967231 0.253898 0,
					  0.967231 0.253898 0,
					  0.967231 0.253898 0,
					  0.967231 0.253898 0,
					  0.967231 0.253898 0,
					  0 -1 0,
					  0 -1 0,
					  0 -1 0,
					  0 -1 0,
					  0 -1 0,
					  0 -1 0,
					  1 0 0,
					  1 0 0,
					  0.996502 0.083572 0,
					  0.996502 0.083572 0,
					  0.996502 0.083572 0,
					  1 0 0,
					  0.996502 0.083572 0,
					  0.996502 0.083572 0,
					  0.927137 0.374722 0,
					  0.927137 0.374722 0,
					  0.927137 0.374722 0,
					  0.996502 0.083572 0,
					  0.927137 0.374722 0,
					  0.927137 0.374722 0,
					  0.824852 0.565348 0,
					  0.824852 0.565348 0,
					  0.824852 0.565348 0,
					  0.927137 0.374722 0,
					  0.323144 0.94635 0,
					  0.323144 0.94635 0,
					  0.323144 0.94635 0,
					  0.323144 0.94635 0,
					  0.323144 0.94635 0,
					  0.323144 0.94635 0,
					  -0.2376 0.971363 0,
					  -0.2376 0.971363 0,
					  -0.2376 0.971363 0,
					  -0.2376 0.971363 0,
					  -0.2376 0.971363 0,
					  -0.2376 0.971363 0,
					  -0.711713 0.70247 0,
					  -0.711713 0.70247 0,
					  -0.711713 0.70247 0,
					  -0.711713 0.70247 0,
					  -0.711713 0.70247 0,
					  -0.711713 0.70247 0,
					  -0.969416 0.245422 0,
					  -0.969416 0.245422 0,
					  -0.998648 0.0519912 0,
					  -0.998648 0.0519912 0,
					  -0.998648 0.0519912 0,
					  -0.969416 0.245422 0,
					  -0.998648 0.0519912 0,
					  -0.998648 0.0519912 0,
					  -0.939283 -0.343144 0,
					  -0.939283 -0.343144 0,
					  -0.939283 -0.343144 0,
					  -0.998648 0.0519912 0,
					  -0.939283 -0.343144 0,
					  -0.939283 -0.343144 0,
					  -0.849057 -0.528302 0,
					  -0.849057 -0.528302 0,
					  -0.849057 -0.528302 0,
					  -0.939283 -0.343144 0,
					  -0.316228 -0.948683 0,
					  -0.316228 -0.948683 0,
					  -0.316228 -0.948683 0,
					  -0.316228 -0.948683 0,
					  -0.316228 -0.948683 0,
					  -0.316228 -0.948683 0,
					  0.260732 -0.965411 0,
					  0.260732 -0.965411 0,
					  0.260732 -0.965411 0,
					  0.260732 -0.965411 0,
					  0.260732 -0.965411 0,
					  0.260732 -0.965411 0,
					  0.807947 -0.589255 0,
					  0.807947 -0.589255 0,
					  0.807947 -0.589255 0,
					  0.807947 -0.589255 0,
					  0.807947 -0.589255 0,
					  0.807947 -0.589255 0,
					  0 1 0,
					  0 1 0,
					  0 1 0,
					  0 1 0,
					  0 1 0,
					  0 1 0,
					  -0.541701 0.840571 0,
					  -0.541701 0.840571 0,
					  -0.541701 0.840571 0,
					  -0.541701 0.840571 0,
					  -0.541701 0.840571 0,
					  -0.541701 0.840571 0,
					  0.36303 -0.931777 0,
					  0.36303 -0.931777 0,
					  0.36303 -0.931777 0,
					  0.36303 -0.931777 0,
					  0.36303 -0.931777 0,
					  0.36303 -0.931777 0,
					  -0.337227 -0.941423 0,
					  -0.337227 -0.941423 0,
					  -0.337227 -0.941423 0,
					  -0.337227 -0.941423 0,
					  -0.337227 -0.941423 0,
					  -0.337227 -0.941423 0,
					  -0.906446 -0.422321 0,
					  -0.906446 -0.422321 0,
					  -0.906446 -0.422321 0,
					  -0.906446 -0.422321 0,
					  -0.906446 -0.422321 0,
					  -0.906446 -0.422321 0,
					  0 1 0,
					  0 1 0,
					  0 1 0,
					  0 1 0,
					  0 1 0,
					  0 1 0,
					  0.931578 -0.363543 0,
					  0.931578 -0.363543 0,
					  0.931578 -0.363543 0,
					  0.931578 -0.363543 0,
					  0.931578 -0.363543 0,
					  0.931578 -0.363543 0,
					  -1 0 0,
					  -1 0 0,
					  -1 0 0,
					  -1 0 0,
					  -1 0 0,
					  -1 0 0,
					  0 1 0,
					  0 1 0,
					  0 1 0,
					  0 1 0,
					  0 1 0,
					  0 1 0,
					  -1 0 0,
					  -1 0 0,
					  -1 0 0,
					  -1 0 0,
					  -1 0 0,
					  -1 0 0,
					  0 -1 0,
					  0 -1 0,
					  0 -1 0,
					  0 -1 0,
					  0 -1 0,
					  0 -1 0,
					  -1 0 0,
					  -1 0 0,
					  -0.988758 -0.149523 0,
					  -0.988758 -0.149523 0,
					  -0.988758 -0.149523 0,
					  -1 0 0,
					  -0.988758 -0.149523 0,
					  -0.988758 -0.149523 0,
					  -0.955286 -0.295684 0,
					  -0.955286 -0.295684 0,
					  -0.955286 -0.295684 0,
					  -0.988758 -0.149523 0,
					  -0.25612 -0.966645 0,
					  -0.25612 -0.966645 0,
					  -0.129141 -0.991626 0,
					  -0.129141 -0.991626 0,
					  -0.129141 -0.991626 0,
					  -0.25612 -0.966645 0,
					  -0.129141 -0.991626 0,
					  -0.129141 -0.991626 0,
					  0.0151463 -0.999885 0,
					  0.0151463 -0.999885 0,
					  0.0151463 -0.999885 0,
					  -0.129141 -0.991626 0,
					  0.0151463 -0.999885 0,
					  0.0151463 -0.999885 0,
					  0.0302891 -0.999541 0,
					  0.0302891 -0.999541 0,
					  0.0302891 -0.999541 0,
					  0.0151463 -0.999885 0,
					  1 0 0,
					  1 0 0,
					  1 0 0,
					  1 0 0,
					  1 0 0,
					  1 0 0,
					  -0.0688024 0.99763 0,
					  -0.0688024 0.99763 0,
					  0.0528831 0.998601 0,
					  0.0528831 0.998601 0,
					  0.0528831 0.998601 0,
					  -0.0688024 0.99763 0,
					  0.0528831 0.998601 0,
					  0.0528831 0.998601 0,
					  0.173785 0.984784 0,
					  0.173785 0.984784 0,
					  0.173785 0.984784 0,
					  0.0528831 0.998601 0,
					  0.979457 0.201653 0,
					  0.979457 0.201653 0,
					  0.994851 0.101348 0,
					  0.994851 0.101348 0,
					  0.994851 0.101348 0,
					  0.979457 0.201653 0,
					  0.994851 0.101348 0,
					  0.994851 0.101348 0,
					  1 0 0,
					  1 0 0,
					  1 0 0,
					  0.994851 0.101348 0,
					  0 -1 0,
					  0 -1 0,
					  0 -1 0,
					  0 -1 0,
					  0 -1 0,
					  0 -1 0,
					  1 0 0,
					  1 0 0,
					  1 0 0,
					  1 0 0,
					  1 0 0,
					  1 0 0,
					  0 1 0,
					  0 1 0,
					  0 1 0,
					  0 1 0,
					  0 1 0,
					  0 1 0,
					  1 0 0,
					  1 0 0,
					  1 0 0,
					  1 0 0,
					  1 0 0,
					  1 0 0,
					  0 1 0,
					  0 1 0,
					  0 1 0,
					  0 1 0,
					  0 1 0,
					  0 1 0,
					  -1 0 0,
					  -1 0 0,
					  -1 0 0,
					  -1 0 0,
					  -1 0 0,
					  -1 0 0,
					  0 1 0,
					  0 1 0,
					  0 1 0,
					  0 1 0,
					  0 1 0,
					  0 1 0,
					  -1 0 0,
					  -1 0 0,
					  -1 0 0,
					  -1 0 0,
					  -1 0 0,
					  -1 0 0,
					  0 -1 0,
					  0 -1 0,
					  0 -1 0,
					  0 -1 0,
					  0 -1 0,
					  0 -1 0,
					  -1 0 0,
					  -1 0 0,
					  -0.988758 -0.149523 0,
					  -0.988758 -0.149523 0,
					  -0.988758 -0.149523 0,
					  -1 0 0,
					  -0.988758 -0.149523 0,
					  -0.988758 -0.149523 0,
					  -0.955286 -0.295684 0,
					  -0.955286 -0.295684 0,
					  -0.955286 -0.295684 0,
					  -0.988758 -0.149523 0,
					  -0.25612 -0.966645 0,
					  -0.25612 -0.966645 0,
					  -0.129141 -0.991626 0,
					  -0.129141 -0.991626 0,
					  -0.129141 -0.991626 0,
					  -0.25612 -0.966645 0,
					  -0.129141 -0.991626 0,
					  -0.129141 -0.991626 0,
					  0.0151463 -0.999885 0,
					  0.0151463 -0.999885 0,
					  0.0151463 -0.999885 0,
					  -0.129141 -0.991626 0,
					  0.0151463 -0.999885 0,
					  0.0151463 -0.999885 0,
					  0.0302891 -0.999541 0,
					  0.0302891 -0.999541 0,
					  0.0302891 -0.999541 0,
					  0.0151463 -0.999885 0,
					  1 0 0,
					  1 0 0,
					  1 0 0,
					  1 0 0,
					  1 0 0,
					  1 0 0,
					  -0.0688024 0.99763 0,
					  -0.0688024 0.99763 0,
					  0.0528831 0.998601 0,
					  0.0528831 0.998601 0,
					  0.0528831 0.998601 0,
					  -0.0688024 0.99763 0,
					  0.0528831 0.998601 0,
					  0.0528831 0.998601 0,
					  0.173785 0.984784 0,
					  0.173785 0.984784 0,
					  0.173785 0.984784 0,
					  0.0528831 0.998601 0,
					  0.979457 0.201653 0,
					  0.979457 0.201653 0,
					  0.994851 0.101348 0,
					  0.994851 0.101348 0,
					  0.994851 0.101348 0,
					  0.979457 0.201653 0,
					  0.994851 0.101348 0,
					  0.994851 0.101348 0,
					  1 0 0,
					  1 0 0,
					  1 0 0,
					  0.994851 0.101348 0,
					  0 -1 0,
					  0 -1 0,
					  0 -1 0,
					  0 -1 0,
					  0 -1 0,
					  0 -1 0,
					  1 0 0,
					  1 0 0,
					  1 0 0,
					  1 0 0,
					  1 0 0,
					  1 0 0,
					  0 1 0,
					  0 1 0,
					  0 1 0,
					  0 1 0,
					  0 1 0,
					  0 1 0,
					  1 0 0,
					  1 0 0,
					  1 0 0,
					  1 0 0,
					  1 0 0,
					  1 0 0,
					  0 1 0,
					  0 1 0,
					  0 1 0,
					  0 1 0,
					  0 1 0,
					  0 1 0,
					  0 0 -1,
					  0 0 -1,
					  0 0 -1,
					  0 0 -1,
					  0 0 -1,
					  0 0 -1,
					  0 0 -1,
					  0 0 -1,
					  0 0 -1,
					  0 0 -1,
					  0 0 -1,
					  0 0 -1,
					  0 0 -1,
					  0 0 -1,
					  0 0 -1,
					  0 0 -1,
					  0 0 -1,
					  0 0 -1,
					  0 0 -1,
					  0 0 -1,
					  0 0 -1,
					  0 0 -1,
					  0 0 -1,
					  0 0 -1,
					  0 0 -1,
					  0 0 -1,
					  0 0 -1,
					  0 0 -1,
					  0 0 -1,
					  0 0 -1,
					  0 0 -1,
					  0 0 -1,
					  0 0 -1,
					  0 0 -1,
					  0 0 -1,
					  0 0 -1,
					  0 0 -1,
					  0 0 -1,
					  0 0 -1,
					  0 0 -1,
					  0 0 -1,
					  0 0 -1,
					  0 0 -1,
					  0 0 -1,
					  0 0 -1,
					  0 0 -1,
					  0 0 -1,
					  0 0 -1,
					  0 0 -1,
					  0 0 -1,
					  0 0 -1,
					  0 0 -1,
					  0 0 -1,
					  0 0 -1,
					  0 0 -1,
					  0 0 -1,
					  0 0 -1,
					  0 0 -1,
					  0 0 -1,
					  0 0 -1,
					  0 0 -1,
					  0 0 -1,
					  0 0 -1,
					  0 0 -1,
					  0 0 -1,
					  0 0 -1,
					  0 0 -1,
					  0 0 -1,
					  0 0 -1,
					  0 0 -1,
					  0 0 -1,
					  0 0 -1,
					  0 0 -1,
					  0 0 -1,
					  0 0 -1,
					  0 0 -1,
					  0 0 -1,
					  0 0 -1,
					  0 0 -1,
					  0 0 -1,
					  0 0 -1,
					  0 0 -1,
					  0 0 -1,
					  0 0 -1,
					  0 0 -1,
					  0 0 -1,
					  0 0 -1,
					  0 0 -1,
					  0 0 -1,
					  0 0 -1,
					  0 0 -1,
					  0 0 -1,
					  0 0 -1,
					  0 0 -1,
					  0 0 -1,
					  0 0 -1,
					  0 0 -1,
					  0 0 -1,
					  0 0 -1,
					  0 0 -1,
					  0 0 -1,
					  0 0 -1,
					  0 0 -1,
					  0 0 -1,
					  0 0 -1,
					  0 0 -1,
					  0 0 -1,
					  0 0 -1,
					  0 0 -1,
					  0 0 -1,
					  0 0 -1,
					  0 0 -1,
					  0 0 -1,
					  0 0 -1,
					  0 0 -1,
					  0 0 -1,
					  0 0 -1,
					  0 0 -1,
					  0 0 -1,
					  0 0 -1,
					  0 0 -1,
					  0 0 -1,
					  0 0 -1,
					  0 0 -1,
					  0 0 -1,
					  0 0 -1,
					  0 0 -1,
					  0 0 -1,
					  0 0 -1,
					  0 0 -1,
					  0 0 -1,
					  0 0 -1,
					  0 0 -1,
					  0 0 -1,
					  0 0 -1,
					  0 0 -1,
					  0 0 -1,
					  0 0 -1,
					  0 0 -1,
					  0 0 -1,
					  0 0 -1,
					  0 0 -1,
					  0 0 -1,
					  0 0 -1,
					  0 0 -1,
					  0 0 -1,
					  0 0 -1,
					  0 0 -1,
					  0 0 -1,
					  0 0 -1,
					  0 0 -1,
					  0 0 -1,
					  0 0 -1,
					  0 0 -1,
					  0 0 -1,
					  0 0 -1,
					  0 0 -1,
					  0 0 -1,
					  0 0 -1,
					  0 0 -1,
					  0 0 -1,
					  0 0 -1,
					  0 0 -1,
					  0 0 -1,
					  0 0 -1,
					  0 0 -1,
					  0 0 -1,
					  0 0 -1,
					  0 0 -1,
					  0 0 -1,
					  0 0 -1,
					  0 0 -1,
					  0 0 -1,
					  0 0 -1,
					  0 0 -1,
					  0 0 -1,
					  0 0 -1,
					  0 0 -1,
					  0 0 -1,
					  0 0 -1,
					  0 0 -1,
					  0 0 -1,
					  0 0 -1,
					  0 0 -1,
					  0 0 -1,
					  0 0 -1,
					  0 0 -1,
					  0 0 -1,
					  0 0 -1,
					  0 0 -1,
					  0 0 -1,
					  0 0 -1,
					  0 0 -1,
					  0 0 -1,
					  0 0 -1,
					  0 0 -1,
					  0 0 -1,
					  0 0 -1,
					  0 0 -1,
					  0 0 -1,
					  0 0 -1,
					  0 0 -1,
					  0 0 -1,
					  0 0 -1,
					  0 0 -1,
					  0 0 -1,
					  0 0 -1,
					  0 0 -1,
					  0 0 -1,
					  0 0 -1,
					  0 0 -1,
					  0 0 -1,
					  0 0 -1,
					  0 0 -1,
					  0 0 -1,
					  0 0 -1,
					  0 0 -1,
					  0 0 -1,
					  0 0 -1,
					  0 0 -1,
					  0 0 -1,
					  0 0 -1,
					  0 0 -1,
					  0 0 -1,
					  0 0 -1,
					  0 0 -1,
					  0 0 -1,
					  0 0 -1,
					  0 0 -1,
					  0 0 -1,
					  0 0 -1,
					  0 0 -1,
					  0 0 -1,
					  0 0 -1,
					  0 0 -1,
					  0 0 -1,
					  0 0 -1,
					  0 0 -1,
					  0 0 -1,
					  0 0 -1,
					  0 0 -1,
					  0 0 -1,
					  0 0 -1,
					  0 0 -1,
					  0 0 -1,
					  0 0 -1,
					  0 0 -1,
					  0 0 -1,
					  0 0 -1,
					  0 0 -1,
					  0 0 -1,
					  0 0 -1,
					  0 0 -1,
					  0 0 -1,
					  0 0 -1,
					  0 0 -1,
					  0 0 -1,
					  0 0 -1,
					  0 0 -1,
					  0 0 -1,
					  0 0 -1,
					  0 0 -1,
					  0 0 -1,
					  0 0 -1,
					  0 0 -1,
					  0 0 -1,
					  0 0 -1,
					  0 0 -1,
					  0 0 -1,
					  0 0 -1,
					  0 0 -1,
					  0 0 -1,
					  0 0 -1,
					  0 0 -1,
					  0 0 -1,
					  0 0 -1,
					  0 0 -1,
					  0 0 -1,
					  0 0 -1,
					  0 0 -1,
					  0 0 -1,
					  0 0 -1,
					  0 0 -1,
					  0 0 -1,
					  0 0 -1,
					  0 0 -1,
					  0 0 -1,
					  0 0 -1,
					  0 0 -1,
					  0 0 -1,
					  0 0 -1,
					  0 0 -1,
					  0 0 -1,
					  0 0 -1,
					  0 0 -1,
					  0 0 -1,
					  0 0 -1,
					  0 0 -1,
					  0 0 -1,
					  0 0 -1,
					  0 0 -1,
					  0 0 -1,
					  0 0 -1,
					  0 0 -1,
					  0 0 -1,
					  0 0 -1,
					  0 0 -1,
					  0 0 -1,
					  0 0 -1,
					  0 0 -1,
					  0 0 -1,
					  0 0 -1,
					  0 0 -1,
					  0 0 -1,
					  0 0 -1,
					  0 0 -1,
					  0 0 -1,
					  0 0 -1,
					  0 0 -1,
					  0 0 -1,
					  0 0 -1,
					  0 0 -1,
					  0 0 -1,
					  0 0 -1,
					  0 0 -1,
					  0 0 -1,
					  0 0 -1,
					  0 0 -1,
					  0 0 -1,
					  0 0 -1,
					  0 0 -1,
					  0 0 -1,
					  0 0 -1,
					  0 0 -1,
					  0 0 -1,
					  0 0 -1,
					  0 0 -1,
					  0 0 -1,
					  0 0 -1,
					  0 0 -1,
					  0 0 -1,
					  0 0 -1,
					  0 0 -1,
					  0 0 -1,
					  0 0 -1,
					  0 0 -1,
					  0 0 -1,
					  0 0 -1,
					  0 0 -1,
					  0 0 -1,
					  0 0 -1,
					  0 0 -1,
					  0 0 -1,
					  0 0 -1,
					  0 0 -1,
					  0 0 -1,
					  0 0 -1,
					  0 0 -1,
					  0 0 -1,
					  0 0 -1,
					  0 0 -1,
					  0 0 -1,
					  0 0 -1,
					  0 0 -1,
					  0 0 -1,
					  0 0 -1,
					  0 0 -1,
					  0 0 -1,
					  0 0 -1,
					  0 0 -1,
					  0 0 -1,
					  0 0 -1,
					  0 0 -1,
					  0 0 -1,
					  0 0 -1,
					  0 0 -1,
					  0 0 -1,
					  0 0 -1,
					  0 0 -1,
					  0 0 -1,
					  0 0 -1,
					  0 0 -1,
					  0 0 -1,
					  0 0 -1,
					  0 0 -1,
					  0 0 -1,
					  0 0 -1,
					  0 0 -1,
					  0 0 -1,
					  0 0 -1,
					  0 0 -1,
					  0 0 -1,
					  0 0 -1,
					  0 0 -1,
					  0 0 -1,
					  0 0 -1,
					  0 0 -1,
					  0 0 -1,
					  0 0 -1,
					  0 0 -1,
					  0 0 -1,
					  0 0 -1,
					  0 0 -1,
					  0 0 -1,
					  0 0 -1,
					  0 0 -1,
					  0 0 -1,
					  0 0 -1,
					  0 0 -1,
					  0 0 -1,
					  0 0 -1,
					  0 0 -1,
					  0 0 -1,
					  0 0 -1,
					  0 0 -1,
					  0 0 -1,
					  0 0 -1,
					  0 0 -1,
					  0 0 -1,
					  0 0 -1,
					  0 0 -1,
					  0 0 -1,
					  0 0 -1,
					  0 0 1,
					  0 0 1,
					  0 0 1,
					  0 0 1,
					  0 0 1,
					  0 0 1,
					  0 0 1,
					  0 0 1,
					  0 0 1,
					  0 0 1,
					  0 0 1,
					  0 0 1,
					  0 0 1,
					  0 0 1,
					  0 0 1,
					  0 0 1,
					  0 0 1,
					  0 0 1,
					  0 0 1,
					  0 0 1,
					  0 0 1,
					  0 0 1,
					  0 0 1,
					  0 0 1,
					  0 0 1,
					  0 0 1,
					  0 0 1,
					  0 0 1,
					  0 0 1,
					  0 0 1,
					  0 0 1,
					  0 0 1,
					  0 0 1,
					  0 0 1,
					  0 0 1,
					  0 0 1,
					  0 0 1,
					  0 0 1,
					  0 0 1,
					  0 0 1,
					  0 0 1,
					  0 0 1,
					  0 0 1,
					  0 0 1,
					  0 0 1,
					  0 0 1,
					  0 0 1,
					  0 0 1,
					  0 0 1,
					  0 0 1,
					  0 0 1,
					  0 0 1,
					  0 0 1,
					  0 0 1,
					  0 0 1,
					  0 0 1,
					  0 0 1,
					  0 0 1,
					  0 0 1,
					  0 0 1,
					  0 0 1,
					  0 0 1,
					  0 0 1,
					  0 0 1,
					  0 0 1,
					  0 0 1,
					  0 0 1,
					  0 0 1,
					  0 0 1,
					  0 0 1,
					  0 0 1,
					  0 0 1,
					  0 0 1,
					  0 0 1,
					  0 0 1,
					  0 0 1,
					  0 0 1,
					  0 0 1,
					  0 0 1,
					  0 0 1,
					  0 0 1,
					  0 0 1,
					  0 0 1,
					  0 0 1,
					  0 0 1,
					  0 0 1,
					  0 0 1,
					  0 0 1,
					  0 0 1,
					  0 0 1,
					  0 0 1,
					  0 0 1,
					  0 0 1,
					  0 0 1,
					  0 0 1,
					  0 0 1,
					  0 0 1,
					  0 0 1,
					  0 0 1,
					  0 0 1,
					  0 0 1,
					  0 0 1,
					  0 0 1,
					  0 0 1,
					  0 0 1,
					  0 0 1,
					  0 0 1,
					  0 0 1,
					  0 0 1,
					  0 0 1,
					  0 0 1,
					  0 0 1,
					  0 0 1,
					  0 0 1,
					  0 0 1,
					  0 0 1,
					  0 0 1,
					  0 0 1,
					  0 0 1,
					  0 0 1,
					  0 0 1,
					  0 0 1,
					  0 0 1,
					  0 0 1,
					  0 0 1,
					  0 0 1,
					  0 0 1,
					  0 0 1,
					  0 0 1,
					  0 0 1,
					  0 0 1,
					  0 0 1,
					  0 0 1,
					  0 0 1,
					  0 0 1,
					  0 0 1,
					  0 0 1,
					  0 0 1,
					  0 0 1,
					  0 0 1,
					  0 0 1,
					  0 0 1,
					  0 0 1,
					  0 0 1,
					  0 0 1,
					  0 0 1,
					  0 0 1,
					  0 0 1,
					  0 0 1,
					  0 0 1,
					  0 0 1,
					  0 0 1,
					  0 0 1,
					  0 0 1,
					  0 0 1,
					  0 0 1,
					  0 0 1,
					  0 0 1,
					  0 0 1,
					  0 0 1,
					  0 0 1,
					  0 0 1,
					  0 0 1,
					  0 0 1,
					  0 0 1,
					  0 0 1,
					  0 0 1,
					  0 0 1,
					  0 0 1,
					  0 0 1,
					  0 0 1,
					  0 0 1,
					  0 0 1,
					  0 0 1,
					  0 0 1,
					  0 0 1,
					  0 0 1,
					  0 0 1,
					  0 0 1,
					  0 0 1,
					  0 0 1,
					  0 0 1,
					  0 0 1,
					  0 0 1,
					  0 0 1,
					  0 0 1,
					  0 0 1,
					  0 0 1,
					  0 0 1,
					  0 0 1,
					  0 0 1,
					  0 0 1,
					  0 0 1,
					  0 0 1,
					  0 0 1,
					  0 0 1,
					  0 0 1,
					  0 0 1,
					  0 0 1,
					  0 0 1,
					  0 0 1,
					  0 0 1,
					  0 0 1,
					  0 0 1,
					  0 0 1,
					  0 0 1,
					  0 0 1,
					  0 0 1,
					  0 0 1,
					  0 0 1,
					  0 0 1,
					  0 0 1,
					  0 0 1,
					  0 0 1,
					  0 0 1,
					  0 0 1,
					  0 0 1,
					  0 0 1,
					  0 0 1,
					  0 0 1,
					  0 0 1,
					  0 0 1,
					  0 0 1,
					  0 0 1,
					  0 0 1,
					  0 0 1,
					  0 0 1,
					  0 0 1,
					  0 0 1,
					  0 0 1,
					  0 0 1,
					  0 0 1,
					  0 0 1,
					  0 0 1,
					  0 0 1,
					  0 0 1,
					  0 0 1,
					  0 0 1,
					  0 0 1,
					  0 0 1,
					  0 0 1,
					  0 0 1,
					  0 0 1,
					  0 0 1,
					  0 0 1,
					  0 0 1,
					  0 0 1,
					  0 0 1,
					  0 0 1,
					  0 0 1,
					  0 0 1,
					  0 0 1,
					  0 0 1,
					  0 0 1,
					  0 0 1,
					  0 0 1,
					  0 0 1,
					  0 0 1,
					  0 0 1,
					  0 0 1,
					  0 0 1,
					  0 0 1,
					  0 0 1,
					  0 0 1,
					  0 0 1,
					  0 0 1,
					  0 0 1,
					  0 0 1,
					  0 0 1,
					  0 0 1,
					  0 0 1,
					  0 0 1,
					  0 0 1,
					  0 0 1,
					  0 0 1,
					  0 0 1,
					  0 0 1,
					  0 0 1,
					  0 0 1,
					  0 0 1,
					  0 0 1,
					  0 0 1,
					  0 0 1,
					  0 0 1,
					  0 0 1,
					  0 0 1,
					  0 0 1,
					  0 0 1,
					  0 0 1,
					  0 0 1,
					  0 0 1,
					  0 0 1,
					  0 0 1,
					  0 0 1,
					  0 0 1,
					  0 0 1,
					  0 0 1,
					  0 0 1,
					  0 0 1,
					  0 0 1,
					  0 0 1,
					  0 0 1,
					  0 0 1,
					  0 0 1,
					  0 0 1,
					  0 0 1,
					  0 0 1,
					  0 0 1,
					  0 0 1,
					  0 0 1,
					  0 0 1,
					  0 0 1,
					  0 0 1,
					  0 0 1,
					  0 0 1,
					  0 0 1,
					  0 0 1,
					  0 0 1,
					  0 0 1,
					  0 0 1,
					  0 0 1,
					  0 0 1,
					  0 0 1,
					  0 0 1,
					  0 0 1,
					  0 0 1,
					  0 0 1,
					  0 0 1,
					  0 0 1,
					  0 0 1,
					  0 0 1,
					  0 0 1,
					  0 0 1,
					  0 0 1,
					  0 0 1,
					  0 0 1,
					  0 0 1,
					  0 0 1,
					  0 0 1,
					  0 0 1,
					  0 0 1,
					  0 0 1,
					  0 0 1,
					  0 0 1,
					  0 0 1,
					  0 0 1,
					  0 0 1,
					  0 0 1,
					  0 0 1,
					  0 0 1,
					  0 0 1,
					  0 0 1,
					  0 0 1,
					  0 0 1,
					  0 0 1,
					  0 0 1,
					  0 0 1,
					  0 0 1,
					  0 0 1,
					  0 0 1,
					  0 0 1,
					  0 0 1,
					  0 0 1,
					  0 0 1,
					  0 0 1,
					  0 0 1,
					  0 0 1,
					  0 0 1,
					  0 0 1,
					  0 0 1,
					  0 0 1,
					  0 0 1,
					  0 0 1,
					  0 0 1,
					  0 0 1,
					  0 0 1,
					  0 0 1,
					  0 0 1,
					  0 0 1,
					  0 0 1,
					  0 0 1,
					  0 0 1,
					  0 0 1,
					  0 0 1,
					  0 0 1,
					  0 0 1,
					  0 0 1,
					  0 0 1,
					  0 0 1,
					  0 0 1,
					  0 0 1,
					  0 0 1,
					  0 0 1,
					  0 0 1,
					  0 0 1,
					  0 0 1,
					  0 0 1,
					  0 0 1,
					  0 0 1,
					  0 0 1,
					  0 0 1,
					  0 0 1,
					  0 0 1,
					  0 0 1,
					  0 0 1,
					  0 0 1,
					  0 0 1,
					  0 0 1,
					  0 0 1,
					  0 0 1,
					  0 0 1,
					  0 0 1,
					  0 0 1,
					  0 0 1,
					  0 0 1,
					  0 0 1,
					  0 0 1,
					  0 0 1,
					  0 0 1,
					  0 0 1,
					  0 0 1,
					  0 0 1,
					  0 0 1 ]
		    }
		    IndexedFaceSet {
			coordIndex	[ 0, 1, 2, -1, 3, 4, 5, -1,
					  6, 7, 8, -1, 9, 10, 11, -1,
					  12, 13, 14, -1, 15, 16, 17, -1,
					  18, 19, 20, -1, 21, 22, 23, -1,
					  24, 25, 26, -1, 27, 28, 29, -1,
					  30, 31, 32, -1, 33, 34, 35, -1,
					  36, 37, 38, -1, 39, 40, 41, -1,
					  42, 43, 44, -1, 45, 46, 47, -1,
					  48, 49, 50, -1, 51, 52, 53, -1,
					  54, 55, 56, -1, 57, 58, 59, -1,
					  60, 61, 62, -1, 63, 64, 65, -1,
					  66, 67, 68, -1, 69, 70, 71, -1,
					  72, 73, 74, -1, 75, 76, 77, -1,
					  78, 79, 80, -1, 81, 82, 83, -1,
					  84, 85, 86, -1, 87, 88, 89, -1,
					  90, 91, 92, -1, 93, 94, 95, -1,
					  96, 97, 98, -1, 99, 100, 101, -1,
					  102, 103, 104, -1, 105, 106, 107, -1,
					  108, 109, 110, -1, 111, 112, 113, -1,
					  114, 115, 116, -1, 117, 118, 119, -1,
					  120, 121, 122, -1, 123, 124, 125, -1,
					  126, 127, 128, -1, 129, 130, 131, -1,
					  132, 133, 134, -1, 135, 136, 137, -1,
					  138, 139, 140, -1, 141, 142, 143, -1,
					  144, 145, 146, -1, 147, 148, 149, -1,
					  150, 151, 152, -1, 153, 154, 155, -1,
					  156, 157, 158, -1, 159, 160, 161, -1,
					  162, 163, 164, -1, 165, 166, 167, -1,
					  168, 169, 170, -1, 171, 172, 173, -1,
					  174, 175, 176, -1, 177, 178, 179, -1,
					  180, 181, 182, -1, 183, 184, 185, -1,
					  186, 187, 188, -1, 189, 190, 191, -1,
					  192, 193, 194, -1, 195, 196, 197, -1,
					  198, 199, 200, -1, 201, 202, 203, -1,
					  204, 205, 206, -1, 207, 208, 209, -1,
					  210, 211, 212, -1, 213, 214, 215, -1,
					  216, 217, 218, -1, 219, 220, 221, -1,
					  222, 223, 224, -1, 225, 226, 227, -1,
					  228, 229, 230, -1, 231, 232, 233, -1,
					  234, 235, 236, -1, 237, 238, 239, -1,
					  240, 241, 242, -1, 243, 244, 245, -1,
					  246, 247, 248, -1, 249, 250, 251, -1,
					  252, 253, 254, -1, 255, 256, 257, -1,
					  258, 259, 260, -1, 261, 262, 263, -1,
					  264, 265, 266, -1, 267, 268, 269, -1,
					  270, 271, 272, -1, 273, 274, 275, -1,
					  276, 277, 278, -1, 279, 280, 281, -1,
					  282, 283, 284, -1, 285, 286, 287, -1,
					  288, 289, 290, -1, 291, 292, 293, -1,
					  294, 295, 296, -1, 297, 298, 299, -1,
					  300, 301, 302, -1, 303, 304, 305, -1,
					  306, 307, 308, -1, 309, 310, 311, -1,
					  312, 313, 314, -1, 315, 316, 317, -1,
					  318, 319, 320, -1, 321, 322, 323, -1,
					  324, 325, 326, -1, 327, 328, 329, -1,
					  330, 331, 332, -1, 333, 334, 335, -1,
					  336, 337, 338, -1, 339, 340, 341, -1,
					  342, 343, 344, -1, 345, 346, 347, -1,
					  348, 349, 350, -1, 351, 352, 353, -1,
					  354, 355, 356, -1, 357, 358, 359, -1,
					  360, 361, 362, -1, 363, 364, 365, -1,
					  366, 367, 368, -1, 369, 370, 371, -1,
					  372, 373, 374, -1, 375, 376, 377, -1,
					  378, 379, 380, -1, 381, 382, 383, -1,
					  384, 385, 386, -1, 387, 388, 389, -1,
					  390, 391, 392, -1, 393, 394, 395, -1,
					  396, 397, 398, -1, 399, 400, 401, -1,
					  402, 403, 404, -1, 405, 406, 407, -1,
					  408, 409, 410, -1, 411, 412, 413, -1,
					  414, 415, 416, -1, 417, 418, 419, -1,
					  420, 421, 422, -1, 423, 424, 425, -1,
					  426, 427, 428, -1, 429, 430, 431, -1,
					  432, 433, 434, -1, 435, 436, 437, -1,
					  438, 439, 440, -1, 441, 442, 443, -1,
					  444, 445, 446, -1, 447, 448, 449, -1,
					  450, 451, 452, -1, 453, 454, 455, -1,
					  456, 457, 458, -1, 459, 460, 461, -1,
					  462, 463, 464, -1, 465, 466, 467, -1,
					  468, 469, 470, -1, 471, 472, 473, -1,
					  474, 475, 476, -1, 477, 478, 479, -1,
					  480, 481, 482, -1, 483, 484, 485, -1,
					  486, 487, 488, -1, 489, 490, 491, -1,
					  492, 493, 494, -1, 495, 496, 497, -1,
					  498, 499, 500, -1, 501, 502, 503, -1,
					  504, 505, 506, -1, 507, 508, 509, -1,
					  510, 511, 512, -1, 513, 514, 515, -1,
					  516, 517, 518, -1, 519, 520, 521, -1,
					  522, 523, 524, -1, 525, 526, 527, -1,
					  528, 529, 530, -1, 531, 532, 533, -1,
					  534, 535, 536, -1, 537, 538, 539, -1,
					  540, 541, 542, -1, 543, 544, 545, -1,
					  546, 547, 548, -1, 549, 550, 551, -1,
					  552, 553, 554, -1, 555, 556, 557, -1,
					  558, 559, 560, -1, 561, 562, 563, -1,
					  564, 565, 566, -1, 567, 568, 569, -1,
					  570, 571, 572, -1, 573, 574, 575, -1,
					  576, 577, 578, -1, 579, 580, 581, -1,
					  582, 583, 584, -1, 585, 586, 587, -1,
					  588, 589, 590, -1, 591, 592, 593, -1,
					  594, 595, 596, -1, 597, 598, 599, -1,
					  600, 601, 602, -1, 603, 604, 605, -1,
					  606, 607, 608, -1, 609, 610, 611, -1,
					  612, 613, 614, -1, 615, 616, 617, -1,
					  618, 619, 620, -1, 621, 622, 623, -1,
					  624, 625, 626, -1, 627, 628, 629, -1,
					  630, 631, 632, -1, 633, 634, 635, -1,
					  636, 637, 638, -1, 639, 640, 641, -1,
					  642, 643, 644, -1, 645, 646, 647, -1,
					  648, 649, 650, -1, 651, 652, 653, -1,
					  654, 655, 656, -1, 657, 658, 659, -1,
					  660, 661, 662, -1, 663, 664, 665, -1,
					  666, 667, 668, -1, 669, 670, 671, -1,
					  672, 673, 674, -1, 675, 676, 677, -1,
					  678, 679, 680, -1, 681, 682, 683, -1,
					  684, 685, 686, -1, 687, 688, 689, -1,
					  690, 691, 692, -1, 693, 694, 695, -1,
					  696, 697, 698, -1, 699, 700, 701, -1,
					  702, 703, 704, -1, 705, 706, 707, -1,
					  708, 709, 710, -1, 711, 712, 713, -1,
					  714, 715, 716, -1, 717, 718, 719, -1,
					  720, 721, 722, -1, 723, 724, 725, -1,
					  726, 727, 728, -1, 729, 730, 731, -1,
					  732, 733, 734, -1, 735, 736, 737, -1,
					  738, 739, 740, -1, 741, 742, 743, -1,
					  744, 745, 746, -1, 747, 748, 749, -1,
					  750, 751, 752, -1, 753, 754, 755, -1,
					  756, 757, 758, -1, 759, 760, 761, -1,
					  762, 763, 764, -1, 765, 766, 767, -1,
					  768, 769, 770, -1, 771, 772, 773, -1,
					  774, 775, 776, -1, 777, 778, 779, -1,
					  780, 781, 782, -1, 783, 784, 785, -1,
					  786, 787, 788, -1, 789, 790, 791, -1,
					  792, 793, 794, -1, 795, 796, 797, -1,
					  798, 799, 800, -1, 801, 802, 803, -1,
					  804, 805, 806, -1, 807, 808, 809, -1,
					  810, 811, 812, -1, 813, 814, 815, -1,
					  816, 817, 818, -1, 819, 820, 821, -1,
					  822, 823, 824, -1, 825, 826, 827, -1,
					  828, 829, 830, -1, 831, 832, 833, -1,
					  834, 835, 836, -1, 837, 838, 839, -1,
					  840, 841, 842, -1, 843, 844, 845, -1,
					  846, 847, 848, -1, 849, 850, 851, -1,
					  852, 853, 854, -1, 855, 856, 857, -1,
					  858, 859, 860, -1, 861, 862, 863, -1,
					  864, 865, 866, -1, 867, 868, 869, -1,
					  870, 871, 872, -1, 873, 874, 875, -1,
					  876, 877, 878, -1, 879, 880, 881, -1,
					  882, 883, 884, -1, 885, 886, 887, -1,
					  888, 889, 890, -1, 891, 892, 893, -1,
					  894, 895, 896, -1, 897, 898, 899, -1,
					  900, 901, 902, -1, 903, 904, 905, -1,
					  906, 907, 908, -1, 909, 910, 911, -1,
					  912, 913, 914, -1, 915, 916, 917, -1,
					  918, 919, 920, -1, 921, 922, 923, -1,
					  924, 925, 926, -1, 927, 928, 929, -1,
					  930, 931, 932, -1, 933, 934, 935, -1,
					  936, 937, 938, -1, 939, 940, 941, -1,
					  942, 943, 944, -1, 945, 946, 947, -1,
					  948, 949, 950, -1, 951, 952, 953, -1,
					  954, 955, 956, -1, 957, 958, 959, -1,
					  960, 961, 962, -1, 963, 964, 965, -1,
					  966, 967, 968, -1, 969, 970, 971, -1,
					  972, 973, 974, -1, 975, 976, 977, -1,
					  978, 979, 980, -1, 981, 982, 983, -1,
					  984, 985, 986, -1, 987, 988, 989, -1,
					  990, 991, 992, -1, 993, 994, 995, -1,
					  996, 997, 998, -1, 999, 1000, 1001, -1,
					  1002, 1003, 1004, -1, 1005, 1006, 1007, -1,
					  1008, 1009, 1010, -1, 1011, 1012, 1013, -1,
					  1014, 1015, 1016, -1, 1017, 1018, 1019, -1,
					  1020, 1021, 1022, -1, 1023, 1024, 1025, -1,
					  1026, 1027, 1028, -1, 1029, 1030, 1031, -1,
					  1032, 1033, 1034, -1, 1035, 1036, 1037, -1,
					  1038, 1039, 1040, -1, 1041, 1042, 1043, -1,
					  1044, 1045, 1046, -1, 1047, 1048, 1049, -1,
					  1050, 1051, 1052, -1, 1053, 1054, 1055, -1,
					  1056, 1057, 1058, -1, 1059, 1060, 1061, -1,
					  1062, 1063, 1064, -1, 1065, 1066, 1067, -1,
					  1068, 1069, 1070, -1, 1071, 1072, 1073, -1,
					  1074, 1075, 1076, -1, 1077, 1078, 1079, -1,
					  1080, 1081, 1082, -1, 1083, 1084, 1085, -1,
					  1086, 1087, 1088, -1, 1089, 1090, 1091, -1,
					  1092, 1093, 1094, -1, 1095, 1096, 1097, -1,
					  1098, 1099, 1100, -1, 1101, 1102, 1103, -1,
					  1104, 1105, 1106, -1, 1107, 1108, 1109, -1,
					  1110, 1111, 1112, -1, 1113, 1114, 1115, -1,
					  1116, 1117, 1118, -1, 1119, 1120, 1121, -1,
					  1122, 1123, 1124, -1, 1125, 1126, 1127, -1,
					  1128, 1129, 1130, -1, 1131, 1132, 1133, -1,
					  1134, 1135, 1136, -1, 1137, 1138, 1139, -1,
					  1140, 1141, 1142, -1, 1143, 1144, 1145, -1,
					  1146, 1147, 1148, -1, 1149, 1150, 1151, -1,
					  1152, 1153, 1154, -1, 1155, 1156, 1157, -1,
					  1158, 1159, 1160, -1, 1161, 1162, 1163, -1,
					  1164, 1165, 1166, -1, 1167, 1168, 1169, -1,
					  1170, 1171, 1172, -1, 1173, 1174, 1175, -1,
					  1176, 1177, 1178, -1, 1179, 1180, 1181, -1,
					  1182, 1183, 1184, -1, 1185, 1186, 1187, -1,
					  1188, 1189, 1190, -1, 1191, 1192, 1193, -1,
					  1194, 1195, 1196, -1, 1197, 1198, 1199, -1,
					  1200, 1201, 1202, -1, 1203, 1204, 1205, -1,
					  1206, 1207, 1208, -1, 1209, 1210, 1211, -1,
					  1212, 1213, 1214, -1, 1215, 1216, 1217, -1,
					  1218, 1219, 1220, -1, 1221, 1222, 1223, -1,
					  1224, 1225, 1226, -1, 1227, 1228, 1229, -1,
					  1230, 1231, 1232, -1, 1233, 1234, 1235, -1,
					  1236, 1237, 1238, -1, 1239, 1240, 1241, -1,
					  1242, 1243, 1244, -1, 1245, 1246, 1247, -1,
					  1248, 1249, 1250, -1, 1251, 1252, 1253, -1,
					  1254, 1255, 1256, -1, 1257, 1258, 1259, -1,
					  1260, 1261, 1262, -1, 1263, 1264, 1265, -1,
					  1266, 1267, 1268, -1, 1269, 1270, 1271, -1,
					  1272, 1273, 1274, -1, 1275, 1276, 1277, -1,
					  1278, 1279, 1280, -1, 1281, 1282, 1283, -1,
					  1284, 1285, 1286, -1, 1287, 1288, 1289, -1,
					  1290, 1291, 1292, -1, 1293, 1294, 1295, -1,
					  1296, 1297, 1298, -1, 1299, 1300, 1301, -1,
					  1302, 1303, 1304, -1, 1305, 1306, 1307, -1,
					  1308, 1309, 1310, -1, 1311, 1312, 1313, -1,
					  1314, 1315, 1316, -1, 1317, 1318, 1319, -1,
					  1320, 1321, 1322, -1, 1323, 1324, 1325, -1,
					  1326, 1327, 1328, -1, 1329, 1330, 1331, -1,
					  1332, 1333, 1334, -1, 1335, 1336, 1337, -1,
					  1338, 1339, 1340, -1, 1341, 1342, 1343, -1,
					  1344, 1345, 1346, -1, 1347, 1348, 1349, -1,
					  1350, 1351, 1352, -1, 1353, 1354, 1355, -1,
					  1356, 1357, 1358, -1, 1359, 1360, 1361, -1,
					  1362, 1363, 1364, -1, 1365, 1366, 1367, -1,
					  1368, 1369, 1370, -1, 1371, 1372, 1373, -1,
					  1374, 1375, 1376, -1, 1377, 1378, 1379, -1,
					  1380, 1381, 1382, -1, 1383, 1384, 1385, -1,
					  1386, 1387, 1388, -1, 1389, 1390, 1391, -1,
					  1392, 1393, 1394, -1, 1395, 1396, 1397, -1,
					  1398, 1399, 1400, -1, 1401, 1402, 1403, -1,
					  1404, 1405, 1406, -1, 1407, 1408, 1409, -1,
					  1410, 1411, 1412, -1, 1413, 1414, 1415, -1,
					  1416, 1417, 1418, -1, 1419, 1420, 1421, -1,
					  1422, 1423, 1424, -1, 1425, 1426, 1427, -1,
					  1428, 1429, 1430, -1, 1431, 1432, 1433, -1,
					  1434, 1435, 1436, -1, 1437, 1438, 1439, -1,
					  1440, 1441, 1442, -1, 1443, 1444, 1445, -1,
					  1446, 1447, 1448, -1, 1449, 1450, 1451, -1,
					  1452, 1453, 1454, -1, 1455, 1456, 1457, -1,
					  1458, 1459, 1460, -1, 1461, 1462, 1463, -1,
					  1464, 1465, 1466, -1, 1467, 1468, 1469, -1,
					  1470, 1471, 1472, -1, 1473, 1474, 1475, -1,
					  1476, 1477, 1478, -1, 1479, 1480, 1481, -1,
					  1482, 1483, 1484, -1, 1485, 1486, 1487, -1,
					  1488, 1489, 1490, -1, 1491, 1492, 1493, -1,
					  1494, 1495, 1496, -1, 1497, 1498, 1499, -1,
					  1500, 1501, 1502, -1, 1503, 1504, 1505, -1,
					  1506, 1507, 1508, -1, 1509, 1510, 1511, -1,
					  1512, 1513, 1514, -1, 1515, 1516, 1517, -1,
					  1518, 1519, 1520, -1, 1521, 1522, 1523, -1,
					  1524, 1525, 1526, -1, 1527, 1528, 1529, -1,
					  1530, 1531, 1532, -1, 1533, 1534, 1535, -1,
					  1536, 1537, 1538, -1, 1539, 1540, 1541, -1,
					  1542, 1543, 1544, -1, 1545, 1546, 1547, -1,
					  1548, 1549, 1550, -1, 1551, 1552, 1553, -1,
					  1554, 1555, 1556, -1, 1557, 1558, 1559, -1,
					  1560, 1561, 1562, -1, 1563, 1564, 1565, -1,
					  1566, 1567, 1568, -1, 1569, 1570, 1571, -1,
					  1572, 1573, 1574, -1, 1575, 1576, 1577, -1,
					  1578, 1579, 1580, -1, 1581, 1582, 1583, -1,
					  1584, 1585, 1586, -1, 1587, 1588, 1589, -1,
					  1590, 1591, 1592, -1, 1593, 1594, 1595, -1,
					  1596, 1597, 1598, -1, 1599, 1600, 1601, -1,
					  1602, 1603, 1604, -1, 1605, 1606, 1607, -1,
					  1608, 1609, 1610, -1, 1611, 1612, 1613, -1,
					  1614, 1615, 1616, -1, 1617, 1618, 1619, -1,
					  1620, 1621, 1622, -1, 1623, 1624, 1625, -1,
					  1626, 1627, 1628, -1, 1629, 1630, 1631, -1,
					  1632, 1633, 1634, -1, 1635, 1636, 1637, -1,
					  1638, 1639, 1640, -1, 1641, 1642, 1643, -1,
					  1644, 1645, 1646, -1, 1647, 1648, 1649, -1,
					  1650, 1651, 1652, -1, 1653, 1654, 1655, -1,
					  1656, 1657, 1658, -1, 1659, 1660, 1661, -1,
					  1662, 1663, 1664, -1, 1665, 1666, 1667, -1,
					  1668, 1669, 1670, -1, 1671, 1672, 1673, -1,
					  1674, 1675, 1676, -1, 1677, 1678, 1679, -1,
					  1680, 1681, 1682, -1, 1683, 1684, 1685, -1,
					  1686, 1687, 1688, -1, 1689, 1690, 1691, -1,
					  1692, 1693, 1694, -1, 1695, 1696, 1697, -1,
					  1698, 1699, 1700, -1, 1701, 1702, 1703, -1,
					  1704, 1705, 1706, -1, 1707, 1708, 1709, -1,
					  1710, 1711, 1712, -1, 1713, 1714, 1715, -1,
					  1716, 1717, 1718, -1, 1719, 1720, 1721, -1,
					  1722, 1723, 1724, -1, 1725, 1726, 1727, -1,
					  1728, 1729, 1730, -1, 1731, 1732, 1733, -1,
					  1734, 1735, 1736, -1, 1737, 1738, 1739, -1,
					  1740, 1741, 1742, -1, 1743, 1744, 1745, -1,
					  1746, 1747, 1748, -1, 1749, 1750, 1751, -1 ]
			normalIndex	[ 0, 1, 2, -1, 3, 4, 5, -1,
					  6, 7, 8, -1, 9, 10, 11, -1,
					  12, 13, 14, -1, 15, 16, 17, -1,
					  18, 19, 20, -1, 21, 22, 23, -1,
					  24, 25, 26, -1, 27, 28, 29, -1,
					  30, 31, 32, -1, 33, 34, 35, -1,
					  36, 37, 38, -1, 39, 40, 41, -1,
					  42, 43, 44, -1, 45, 46, 47, -1,
					  48, 49, 50, -1, 51, 52, 53, -1,
					  54, 55, 56, -1, 57, 58, 59, -1,
					  60, 61, 62, -1, 63, 64, 65, -1,
					  66, 67, 68, -1, 69, 70, 71, -1,
					  72, 73, 74, -1, 75, 76, 77, -1,
					  78, 79, 80, -1, 81, 82, 83, -1,
					  84, 85, 86, -1, 87, 88, 89, -1,
					  90, 91, 92, -1, 93, 94, 95, -1,
					  96, 97, 98, -1, 99, 100, 101, -1,
					  102, 103, 104, -1, 105, 106, 107, -1,
					  108, 109, 110, -1, 111, 112, 113, -1,
					  114, 115, 116, -1, 117, 118, 119, -1,
					  120, 121, 122, -1, 123, 124, 125, -1,
					  126, 127, 128, -1, 129, 130, 131, -1,
					  132, 133, 134, -1, 135, 136, 137, -1,
					  138, 139, 140, -1, 141, 142, 143, -1,
					  144, 145, 146, -1, 147, 148, 149, -1,
					  150, 151, 152, -1, 153, 154, 155, -1,
					  156, 157, 158, -1, 159, 160, 161, -1,
					  162, 163, 164, -1, 165, 166, 167, -1,
					  168, 169, 170, -1, 171, 172, 173, -1,
					  174, 175, 176, -1, 177, 178, 179, -1,
					  180, 181, 182, -1, 183, 184, 185, -1,
					  186, 187, 188, -1, 189, 190, 191, -1,
					  192, 193, 194, -1, 195, 196, 197, -1,
					  198, 199, 200, -1, 201, 202, 203, -1,
					  204, 205, 206, -1, 207, 208, 209, -1,
					  210, 211, 212, -1, 213, 214, 215, -1,
					  216, 217, 218, -1, 219, 220, 221, -1,
					  222, 223, 224, -1, 225, 226, 227, -1,
					  228, 229, 230, -1, 231, 232, 233, -1,
					  234, 235, 236, -1, 237, 238, 239, -1,
					  240, 241, 242, -1, 243, 244, 245, -1,
					  246, 247, 248, -1, 249, 250, 251, -1,
					  252, 253, 254, -1, 255, 256, 257, -1,
					  258, 259, 260, -1, 261, 262, 263, -1,
					  264, 265, 266, -1, 267, 268, 269, -1,
					  270, 271, 272, -1, 273, 274, 275, -1,
					  276, 277, 278, -1, 279, 280, 281, -1,
					  282, 283, 284, -1, 285, 286, 287, -1,
					  288, 289, 290, -1, 291, 292, 293, -1,
					  294, 295, 296, -1, 297, 298, 299, -1,
					  300, 301, 302, -1, 303, 304, 305, -1,
					  306, 307, 308, -1, 309, 310, 311, -1,
					  312, 313, 314, -1, 315, 316, 317, -1,
					  318, 319, 320, -1, 321, 322, 323, -1,
					  324, 325, 326, -1, 327, 328, 329, -1,
					  330, 331, 332, -1, 333, 334, 335, -1,
					  336, 337, 338, -1, 339, 340, 341, -1,
					  342, 343, 344, -1, 345, 346, 347, -1,
					  348, 349, 350, -1, 351, 352, 353, -1,
					  354, 355, 356, -1, 357, 358, 359, -1,
					  360, 361, 362, -1, 363, 364, 365, -1,
					  366, 367, 368, -1, 369, 370, 371, -1,
					  372, 373, 374, -1, 375, 376, 377, -1,
					  378, 379, 380, -1, 381, 382, 383, -1,
					  384, 385, 386, -1, 387, 388, 389, -1,
					  390, 391, 392, -1, 393, 394, 395, -1,
					  396, 397, 398, -1, 399, 400, 401, -1,
					  402, 403, 404, -1, 405, 406, 407, -1,
					  408, 409, 410, -1, 411, 412, 413, -1,
					  414, 415, 416, -1, 417, 418, 419, -1,
					  420, 421, 422, -1, 423, 424, 425, -1,
					  426, 427, 428, -1, 429, 430, 431, -1,
					  432, 433, 434, -1, 435, 436, 437, -1,
					  438, 439, 440, -1, 441, 442, 443, -1,
					  444, 445, 446, -1, 447, 448, 449, -1,
					  450, 451, 452, -1, 453, 454, 455, -1,
					  456, 457, 458, -1, 459, 460, 461, -1,
					  462, 463, 464, -1, 465, 466, 467, -1,
					  468, 469, 470, -1, 471, 472, 473, -1,
					  474, 475, 476, -1, 477, 478, 479, -1,
					  480, 481, 482, -1, 483, 484, 485, -1,
					  486, 487, 488, -1, 489, 490, 491, -1,
					  492, 493, 494, -1, 495, 496, 497, -1,
					  498, 499, 500, -1, 501, 502, 503, -1,
					  504, 505, 506, -1, 507, 508, 509, -1,
					  510, 511, 512, -1, 513, 514, 515, -1,
					  516, 517, 518, -1, 519, 520, 521, -1,
					  522, 523, 524, -1, 525, 526, 527, -1,
					  528, 529, 530, -1, 531, 532, 533, -1,
					  534, 535, 536, -1, 537, 538, 539, -1,
					  540, 541, 542, -1, 543, 544, 545, -1,
					  546, 547, 548, -1, 549, 550, 551, -1,
					  552, 553, 554, -1, 555, 556, 557, -1,
					  558, 559, 560, -1, 561, 562, 563, -1,
					  564, 565, 566, -1, 567, 568, 569, -1,
					  570, 571, 572, -1, 573, 574, 575, -1,
					  576, 577, 578, -1, 579, 580, 581, -1,
					  582, 583, 584, -1, 585, 586, 587, -1,
					  588, 589, 590, -1, 591, 592, 593, -1,
					  594, 595, 596, -1, 597, 598, 599, -1,
					  600, 601, 602, -1, 603, 604, 605, -1,
					  606, 607, 608, -1, 609, 610, 611, -1,
					  612, 613, 614, -1, 615, 616, 617, -1,
					  618, 619, 620, -1, 621, 622, 623, -1,
					  624, 625, 626, -1, 627, 628, 629, -1,
					  630, 631, 632, -1, 633, 634, 635, -1,
					  636, 637, 638, -1, 639, 640, 641, -1,
					  642, 643, 644, -1, 645, 646, 647, -1,
					  648, 649, 650, -1, 651, 652, 653, -1,
					  654, 655, 656, -1, 657, 658, 659, -1,
					  660, 661, 662, -1, 663, 664, 665, -1,
					  666, 667, 668, -1, 669, 670, 671, -1,
					  672, 673, 674, -1, 675, 676, 677, -1,
					  678, 679, 680, -1, 681, 682, 683, -1,
					  684, 685, 686, -1, 687, 688, 689, -1,
					  690, 691, 692, -1, 693, 694, 695, -1,
					  696, 697, 698, -1, 699, 700, 701, -1,
					  702, 703, 704, -1, 705, 706, 707, -1,
					  708, 709, 710, -1, 711, 712, 713, -1,
					  714, 715, 716, -1, 717, 718, 719, -1,
					  720, 721, 722, -1, 723, 724, 725, -1,
					  726, 727, 728, -1, 729, 730, 731, -1,
					  732, 733, 734, -1, 735, 736, 737, -1,
					  738, 739, 740, -1, 741, 742, 743, -1,
					  744, 745, 746, -1, 747, 748, 749, -1,
					  750, 751, 752, -1, 753, 754, 755, -1,
					  756, 757, 758, -1, 759, 760, 761, -1,
					  762, 763, 764, -1, 765, 766, 767, -1,
					  768, 769, 770, -1, 771, 772, 773, -1,
					  774, 775, 776, -1, 777, 778, 779, -1,
					  780, 781, 782, -1, 783, 784, 785, -1,
					  786, 787, 788, -1, 789, 790, 791, -1,
					  792, 793, 794, -1, 795, 796, 797, -1,
					  798, 799, 800, -1, 801, 802, 803, -1,
					  804, 805, 806, -1, 807, 808, 809, -1,
					  810, 811, 812, -1, 813, 814, 815, -1,
					  816, 817, 818, -1, 819, 820, 821, -1,
					  822, 823, 824, -1, 825, 826, 827, -1,
					  828, 829, 830, -1, 831, 832, 833, -1,
					  834, 835, 836, -1, 837, 838, 839, -1,
					  840, 841, 842, -1, 843, 844, 845, -1,
					  846, 847, 848, -1, 849, 850, 851, -1,
					  852, 853, 854, -1, 855, 856, 857, -1,
					  858, 859, 860, -1, 861, 862, 863, -1,
					  864, 865, 866, -1, 867, 868, 869, -1,
					  870, 871, 872, -1, 873, 874, 875, -1,
					  876, 877, 878, -1, 879, 880, 881, -1,
					  882, 883, 884, -1, 885, 886, 887, -1,
					  888, 889, 890, -1, 891, 892, 893, -1,
					  894, 895, 896, -1, 897, 898, 899, -1,
					  900, 901, 902, -1, 903, 904, 905, -1,
					  906, 907, 908, -1, 909, 910, 911, -1,
					  912, 913, 914, -1, 915, 916, 917, -1,
					  918, 919, 920, -1, 921, 922, 923, -1,
					  924, 925, 926, -1, 927, 928, 929, -1,
					  930, 931, 932, -1, 933, 934, 935, -1,
					  936, 937, 938, -1, 939, 940, 941, -1,
					  942, 943, 944, -1, 945, 946, 947, -1,
					  948, 949, 950, -1, 951, 952, 953, -1,
					  954, 955, 956, -1, 957, 958, 959, -1,
					  960, 961, 962, -1, 963, 964, 965, -1,
					  966, 967, 968, -1, 969, 970, 971, -1,
					  972, 973, 974, -1, 975, 976, 977, -1,
					  978, 979, 980, -1, 981, 982, 983, -1,
					  984, 985, 986, -1, 987, 988, 989, -1,
					  990, 991, 992, -1, 993, 994, 995, -1,
					  996, 997, 998, -1, 999, 1000, 1001, -1,
					  1002, 1003, 1004, -1, 1005, 1006, 1007, -1,
					  1008, 1009, 1010, -1, 1011, 1012, 1013, -1,
					  1014, 1015, 1016, -1, 1017, 1018, 1019, -1,
					  1020, 1021, 1022, -1, 1023, 1024, 1025, -1,
					  1026, 1027, 1028, -1, 1029, 1030, 1031, -1,
					  1032, 1033, 1034, -1, 1035, 1036, 1037, -1,
					  1038, 1039, 1040, -1, 1041, 1042, 1043, -1,
					  1044, 1045, 1046, -1, 1047, 1048, 1049, -1,
					  1050, 1051, 1052, -1, 1053, 1054, 1055, -1,
					  1056, 1057, 1058, -1, 1059, 1060, 1061, -1,
					  1062, 1063, 1064, -1, 1065, 1066, 1067, -1,
					  1068, 1069, 1070, -1, 1071, 1072, 1073, -1,
					  1074, 1075, 1076, -1, 1077, 1078, 1079, -1,
					  1080, 1081, 1082, -1, 1083, 1084, 1085, -1,
					  1086, 1087, 1088, -1, 1089, 1090, 1091, -1,
					  1092, 1093, 1094, -1, 1095, 1096, 1097, -1,
					  1098, 1099, 1100, -1, 1101, 1102, 1103, -1,
					  1104, 1105, 1106, -1, 1107, 1108, 1109, -1,
					  1110, 1111, 1112, -1, 1113, 1114, 1115, -1,
					  1116, 1117, 1118, -1, 1119, 1120, 1121, -1,
					  1122, 1123, 1124, -1, 1125, 1126, 1127, -1,
					  1128, 1129, 1130, -1, 1131, 1132, 1133, -1,
					  1134, 1135, 1136, -1, 1137, 1138, 1139, -1,
					  1140, 1141, 1142, -1, 1143, 1144, 1145, -1,
					  1146, 1147, 1148, -1, 1149, 1150, 1151, -1,
					  1152, 1153, 1154, -1, 1155, 1156, 1157, -1,
					  1158, 1159, 1160, -1, 1161, 1162, 1163, -1,
					  1164, 1165, 1166, -1, 1167, 1168, 1169, -1,
					  1170, 1171, 1172, -1, 1173, 1174, 1175, -1,
					  1176, 1177, 1178, -1, 1179, 1180, 1181, -1,
					  1182, 1183, 1184, -1, 1185, 1186, 1187, -1,
					  1188, 1189, 1190, -1, 1191, 1192, 1193, -1,
					  1194, 1195, 1196, -1, 1197, 1198, 1199, -1,
					  1200, 1201, 1202, -1, 1203, 1204, 1205, -1,
					  1206, 1207, 1208, -1, 1209, 1210, 1211, -1,
					  1212, 1213, 1214, -1, 1215, 1216, 1217, -1,
					  1218, 1219, 1220, -1, 1221, 1222, 1223, -1,
					  1224, 1225, 1226, -1, 1227, 1228, 1229, -1,
					  1230, 1231, 1232, -1, 1233, 1234, 1235, -1,
					  1236, 1237, 1238, -1, 1239, 1240, 1241, -1,
					  1242, 1243, 1244, -1, 1245, 1246, 1247, -1,
					  1248, 1249, 1250, -1, 1251, 1252, 1253, -1,
					  1254, 1255, 1256, -1, 1257, 1258, 1259, -1,
					  1260, 1261, 1262, -1, 1263, 1264, 1265, -1,
					  1266, 1267, 1268, -1, 1269, 1270, 1271, -1,
					  1272, 1273, 1274, -1, 1275, 1276, 1277, -1,
					  1278, 1279, 1280, -1, 1281, 1282, 1283, -1,
					  1284, 1285, 1286, -1, 1287, 1288, 1289, -1,
					  1290, 1291, 1292, -1, 1293, 1294, 1295, -1,
					  1296, 1297, 1298, -1, 1299, 1300, 1301, -1,
					  1302, 1303, 1304, -1, 1305, 1306, 1307, -1,
					  1308, 1309, 1310, -1, 1311, 1312, 1313, -1,
					  1314, 1315, 1316, -1, 1317, 1318, 1319, -1,
					  1320, 1321, 1322, -1, 1323, 1324, 1325, -1,
					  1326, 1327, 1328, -1, 1329, 1330, 1331, -1,
					  1332, 1333, 1334, -1, 1335, 1336, 1337, -1,
					  1338, 1339, 1340, -1, 1341, 1342, 1343, -1,
					  1344, 1345, 1346, -1, 1347, 1348, 1349, -1,
					  1350, 1351, 1352, -1, 1353, 1354, 1355, -1,
					  1356, 1357, 1358, -1, 1359, 1360, 1361, -1,
					  1362, 1363, 1364, -1, 1365, 1366, 1367, -1,
					  1368, 1369, 1370, -1, 1371, 1372, 1373, -1,
					  1374, 1375, 1376, -1, 1377, 1378, 1379, -1,
					  1380, 1381, 1382, -1, 1383, 1384, 1385, -1,
					  1386, 1387, 1388, -1, 1389, 1390, 1391, -1,
					  1392, 1393, 1394, -1, 1395, 1396, 1397, -1,
					  1398, 1399, 1400, -1, 1401, 1402, 1403, -1,
					  1404, 1405, 1406, -1, 1407, 1408, 1409, -1,
					  1410, 1411, 1412, -1, 1413, 1414, 1415, -1,
					  1416, 1417, 1418, -1, 1419, 1420, 1421, -1,
					  1422, 1423, 1424, -1, 1425, 1426, 1427, -1,
					  1428, 1429, 1430, -1, 1431, 1432, 1433, -1,
					  1434, 1435, 1436, -1, 1437, 1438, 1439, -1,
					  1440, 1441, 1442, -1, 1443, 1444, 1445, -1,
					  1446, 1447, 1448, -1, 1449, 1450, 1451, -1,
					  1452, 1453, 1454, -1, 1455, 1456, 1457, -1,
					  1458, 1459, 1460, -1, 1461, 1462, 1463, -1,
					  1464, 1465, 1466, -1, 1467, 1468, 1469, -1,
					  1470, 1471, 1472, -1, 1473, 1474, 1475, -1,
					  1476, 1477, 1478, -1, 1479, 1480, 1481, -1,
					  1482, 1483, 1484, -1, 1485, 1486, 1487, -1,
					  1488, 1489, 1490, -1, 1491, 1492, 1493, -1,
					  1494, 1495, 1496, -1, 1497, 1498, 1499, -1,
					  1500, 1501, 1502, -1, 1503, 1504, 1505, -1,
					  1506, 1507, 1508, -1, 1509, 1510, 1511, -1,
					  1512, 1513, 1514, -1, 1515, 1516, 1517, -1,
					  1518, 1519, 1520, -1, 1521, 1522, 1523, -1,
					  1524, 1525, 1526, -1, 1527, 1528, 1529, -1,
					  1530, 1531, 1532, -1, 1533, 1534, 1535, -1,
					  1536, 1537, 1538, -1, 1539, 1540, 1541, -1,
					  1542, 1543, 1544, -1, 1545, 1546, 1547, -1,
					  1548, 1549, 1550, -1, 1551, 1552, 1553, -1,
					  1554, 1555, 1556, -1, 1557, 1558, 1559, -1,
					  1560, 1561, 1562, -1, 1563, 1564, 1565, -1,
					  1566, 1567, 1568, -1, 1569, 1570, 1571, -1,
					  1572, 1573, 1574, -1, 1575, 1576, 1577, -1,
					  1578, 1579, 1580, -1, 1581, 1582, 1583, -1,
					  1584, 1585, 1586, -1, 1587, 1588, 1589, -1,
					  1590, 1591, 1592, -1, 1593, 1594, 1595, -1,
					  1596, 1597, 1598, -1, 1599, 1600, 1601, -1,
					  1602, 1603, 1604, -1, 1605, 1606, 1607, -1,
					  1608, 1609, 1610, -1, 1611, 1612, 1613, -1,
					  1614, 1615, 1616, -1, 1617, 1618, 1619, -1,
					  1620, 1621, 1622, -1, 1623, 1624, 1625, -1,
					  1626, 1627, 1628, -1, 1629, 1630, 1631, -1,
					  1632, 1633, 1634, -1, 1635, 1636, 1637, -1,
					  1638, 1639, 1640, -1, 1641, 1642, 1643, -1,
					  1644, 1645, 1646, -1, 1647, 1648, 1649, -1,
					  1650, 1651, 1652, -1, 1653, 1654, 1655, -1,
					  1656, 1657, 1658, -1, 1659, 1660, 1661, -1,
					  1662, 1663, 1664, -1, 1665, 1666, 1667, -1,
					  1668, 1669, 1670, -1, 1671, 1672, 1673, -1,
					  1674, 1675, 1676, -1, 1677, 1678, 1679, -1,
					  1680, 1681, 1682, -1, 1683, 1684, 1685, -1,
					  1686, 1687, 1688, -1, 1689, 1690, 1691, -1,
					  1692, 1693, 1694, -1, 1695, 1696, 1697, -1,
					  1698, 1699, 1700, -1, 1701, 1702, 1703, -1,
					  1704, 1705, 1706, -1, 1707, 1708, 1709, -1,
					  1710, 1711, 1712, -1, 1713, 1714, 1715, -1,
					  1716, 1717, 1718, -1, 1719, 1720, 1721, -1,
					  1722, 1723, 1724, -1, 1725, 1726, 1727, -1,
					  1728, 1729, 1730, -1, 1731, 1732, 1733, -1,
					  1734, 1735, 1736, -1, 1737, 1738, 1739, -1,
					  1740, 1741, 1742, -1, 1743, 1744, 1745, -1,
					  1746, 1747, 1748, -1, 1749, 1750, 1751, -1 ]
		    }
		}
		Separator {
		}
	    }
	}
	Info {
	    string	"6.466610e-01"
	}
    }
}
